CustomerID,CustomerName,Gender,Age,City,State,Segment
C00001,Customer_00001,Male,29,Durgapur,West Bengal,Low Value
C00002,Customer_00002,Female,55,Margao,Goa,Low Value
C00003,Customer_00003,Female,45,Faridabad,Haryana,Medium Value
C00004,Customer_00004,Male,62,Bhopal,Madhya Pradesh,Low Value
C00005,Customer_00005,Male,34,Udaipur,Rajasthan,Medium Value
C00006,Customer_00006,Female,18,Durgapur,West Bengal,Low Value
C00007,Customer_00007,Female,49,Raipur,Chhattisgarh,Medium Value
C00008,Customer_00008,Female,25,Bhopal,Madhya Pradesh,High Value
C00009,Customer_00009,Female,57,Bhopal,Madhya Pradesh,Medium Value
C00010,Customer_00010,Male,60,New Delhi,Delhi,Medium Value
C00011,Customer_00011,Male,63,Jaipur,Rajasthan,Medium Value
C00012,Customer_00012,Female,41,Surat,Gujarat,Medium Value
C00013,Customer_00013,Female,27,Mysuru,Karnataka,Medium Value
C00014,Customer_00014,Female,64,Amritsar,Punjab,Low Value
C00015,Customer_00015,Female,56,Hyderabad,Telangana,High Value
C00016,Customer_00016,Male,56,Bengaluru,Karnataka,Medium Value
C00017,Customer_00017,Female,27,Mumbai,Maharashtra,Low Value
C00018,Customer_00018,Male,53,Amritsar,Punjab,Medium Value
C00019,Customer_00019,Male,42,Amritsar,Punjab,Medium Value
C00020,Customer_00020,Male,27,Ranchi,Jharkhand,Medium Value
C00021,Customer_00021,Male,36,Kochi,Kerala,Medium Value
C00022,Customer_00022,Male,63,Vijayawada,Andhra Pradesh,High Value
C00023,Customer_00023,Male,62,Faridabad,Haryana,Medium Value
C00024,Customer_00024,Male,32,Gurugram,Haryana,Low Value
C00025,Customer_00025,Male,33,Raipur,Chhattisgarh,Medium Value
C00026,Customer_00026,Female,19,Amritsar,Punjab,High Value
C00027,Customer_00027,Male,46,Panaji,Goa,Low Value
C00028,Customer_00028,Male,21,Surat,Gujarat,Medium Value
C00029,Customer_00029,Female,46,Madurai,Tamil Nadu,High Value
C00030,Customer_00030,Female,48,Raipur,Chhattisgarh,Low Value
C00031,Customer_00031,Female,34,Kolkata,West Bengal,High Value
C00032,Customer_00032,Male,27,Lucknow,Uttar Pradesh,Low Value
C00033,Customer_00033,Female,44,Durgapur,West Bengal,Medium Value
C00034,Customer_00034,Male,58,Guwahati,Assam,Low Value
C00035,Customer_00035,Male,32,Delhi,Delhi,Medium Value
C00036,Customer_00036,Male,61,Cuttack,Odisha,Medium Value
C00037,Customer_00037,Female,48,Guwahati,Assam,Low Value
C00038,Customer_00038,Male,38,Kanpur,Uttar Pradesh,Low Value
C00039,Customer_00039,Male,58,Bengaluru,Karnataka,Low Value
C00040,Customer_00040,Male,63,Margao,Goa,Medium Value
C00041,Customer_00041,Female,62,Faridabad,Haryana,Low Value
C00042,Customer_00042,Female,43,Durgapur,West Bengal,Medium Value
C00043,Customer_00043,Male,55,Ludhiana,Punjab,High Value
C00044,Customer_00044,Female,53,Udaipur,Rajasthan,High Value
C00045,Customer_00045,Female,34,Gurugram,Haryana,Low Value
C00046,Customer_00046,Female,20,Surat,Gujarat,Low Value
C00047,Customer_00047,Male,31,Cuttack,Odisha,Medium Value
C00048,Customer_00048,Female,30,Ranchi,Jharkhand,Low Value
C00049,Customer_00049,Male,58,Delhi,Delhi,Low Value
C00050,Customer_00050,Female,44,Guwahati,Assam,Medium Value
C00051,Customer_00051,Male,18,Jodhpur,Rajasthan,High Value
C00052,Customer_00052,Male,34,Delhi,Delhi,Low Value
C00053,Customer_00053,Male,65,Mysuru,Karnataka,High Value
C00054,Customer_00054,Female,51,Hyderabad,Telangana,Medium Value
C00055,Customer_00055,Male,31,Kozhikode,Kerala,Medium Value
C00056,Customer_00056,Female,34,Delhi,Delhi,Medium Value
C00057,Customer_00057,Male,20,Guwahati,Assam,Medium Value
C00058,Customer_00058,Female,51,Amritsar,Punjab,Medium Value
C00059,Customer_00059,Female,57,Mysuru,Karnataka,Low Value
C00060,Customer_00060,Female,42,Kozhikode,Kerala,Medium Value
C00061,Customer_00061,Female,19,Delhi,Delhi,Low Value
C00062,Customer_00062,Female,51,Bhubaneswar,Odisha,Low Value
C00063,Customer_00063,Male,43,Visakhapatnam,Andhra Pradesh,Low Value
C00064,Customer_00064,Female,48,Faridabad,Haryana,Low Value
C00065,Customer_00065,Male,26,Udaipur,Rajasthan,Medium Value
C00066,Customer_00066,Female,47,Bhubaneswar,Odisha,High Value
C00067,Customer_00067,Female,37,Jodhpur,Rajasthan,High Value
C00068,Customer_00068,Male,38,Vijayawada,Andhra Pradesh,Low Value
C00069,Customer_00069,Male,46,Patna,Bihar,Low Value
C00070,Customer_00070,Male,42,Guwahati,Assam,Medium Value
C00071,Customer_00071,Female,55,Faridabad,Haryana,Low Value
C00072,Customer_00072,Female,61,Gaya,Bihar,High Value
C00073,Customer_00073,Female,42,Lucknow,Uttar Pradesh,High Value
C00074,Customer_00074,Female,26,Gurugram,Haryana,Low Value
C00075,Customer_00075,Female,56,Gaya,Bihar,High Value
C00076,Customer_00076,Male,61,Thane,Maharashtra,Medium Value
C00077,Customer_00077,Male,43,Durgapur,West Bengal,Low Value
C00078,Customer_00078,Female,54,Kanpur,Uttar Pradesh,Low Value
C00079,Customer_00079,Female,33,Thane,Maharashtra,Medium Value
C00080,Customer_00080,Female,54,Amritsar,Punjab,Medium Value
C00081,Customer_00081,Male,29,Udaipur,Rajasthan,Medium Value
C00082,Customer_00082,Male,41,Bhopal,Madhya Pradesh,High Value
C00083,Customer_00083,Male,43,Raipur,Chhattisgarh,Low Value
C00084,Customer_00084,Male,37,Jamshedpur,Jharkhand,High Value
C00085,Customer_00085,Male,26,Udaipur,Rajasthan,High Value
C00086,Customer_00086,Female,40,Surat,Gujarat,Medium Value
C00087,Customer_00087,Male,56,Surat,Gujarat,Low Value
C00088,Customer_00088,Female,46,Nashik,Maharashtra,High Value
C00089,Customer_00089,Male,48,Chennai,Tamil Nadu,High Value
C00090,Customer_00090,Female,36,Thiruvananthapuram,Kerala,High Value
C00091,Customer_00091,Male,37,Durgapur,West Bengal,Medium Value
C00092,Customer_00092,Male,40,Noida,Uttar Pradesh,Medium Value
C00093,Customer_00093,Male,60,Durgapur,West Bengal,High Value
C00094,Customer_00094,Female,44,Lucknow,Uttar Pradesh,Low Value
C00095,Customer_00095,Female,47,Jaipur,Rajasthan,Low Value
C00096,Customer_00096,Male,38,Amritsar,Punjab,Low Value
C00097,Customer_00097,Male,61,Bengaluru,Karnataka,Medium Value
C00098,Customer_00098,Female,52,Thane,Maharashtra,Medium Value
C00099,Customer_00099,Male,24,Vijayawada,Andhra Pradesh,Medium Value
C00100,Customer_00100,Male,39,Coimbatore,Tamil Nadu,Medium Value
C00101,Customer_00101,Female,27,Surat,Gujarat,High Value
C00102,Customer_00102,Female,40,Ludhiana,Punjab,Low Value
C00103,Customer_00103,Male,32,Jodhpur,Rajasthan,Medium Value
C00104,Customer_00104,Male,47,Ahmedabad,Gujarat,Medium Value
C00105,Customer_00105,Female,51,Nagpur,Maharashtra,Medium Value
C00106,Customer_00106,Male,30,Vadodara,Gujarat,High Value
C00107,Customer_00107,Male,21,Chennai,Tamil Nadu,Low Value
C00108,Customer_00108,Female,35,Faridabad,Haryana,High Value
C00109,Customer_00109,Female,40,Bhubaneswar,Odisha,Low Value
C00110,Customer_00110,Male,50,Vadodara,Gujarat,Medium Value
C00111,Customer_00111,Other,51,Nashik,Maharashtra,Low Value
C00112,Customer_00112,Female,51,Chennai,Tamil Nadu,Medium Value
C00113,Customer_00113,Male,53,Bhubaneswar,Odisha,Low Value
C00114,Customer_00114,Other,52,Kolkata,West Bengal,Medium Value
C00115,Customer_00115,Male,34,Kanpur,Uttar Pradesh,Medium Value
C00116,Customer_00116,Male,45,Gurugram,Haryana,High Value
C00117,Customer_00117,Female,31,Gurugram,Haryana,Medium Value
C00118,Customer_00118,Male,51,Thiruvananthapuram,Kerala,Medium Value
C00119,Customer_00119,Male,65,Gaya,Bihar,Medium Value
C00120,Customer_00120,Male,28,Raipur,Chhattisgarh,Medium Value
C00121,Customer_00121,Male,30,Kolkata,West Bengal,High Value
C00122,Customer_00122,Female,50,Jamshedpur,Jharkhand,Low Value
C00123,Customer_00123,Female,19,Panaji,Goa,Medium Value
C00124,Customer_00124,Other,51,New Delhi,Delhi,High Value
C00125,Customer_00125,Male,46,Coimbatore,Tamil Nadu,Low Value
C00126,Customer_00126,Male,54,Kolkata,West Bengal,Low Value
C00127,Customer_00127,Male,21,Gaya,Bihar,Low Value
C00128,Customer_00128,Male,29,Faridabad,Haryana,Low Value
C00129,Customer_00129,Male,43,Indore,Madhya Pradesh,High Value
C00130,Customer_00130,Female,45,New Delhi,Delhi,Low Value
C00131,Customer_00131,Female,20,Patna,Bihar,Medium Value
C00132,Customer_00132,Female,37,Durgapur,West Bengal,High Value
C00133,Customer_00133,Male,27,Raipur,Chhattisgarh,Low Value
C00134,Customer_00134,Female,35,Mangaluru,Karnataka,Medium Value
C00135,Customer_00135,Male,44,Kozhikode,Kerala,Medium Value
C00136,Customer_00136,Male,48,Gaya,Bihar,High Value
C00137,Customer_00137,Female,44,Hyderabad,Telangana,Medium Value
C00138,Customer_00138,Female,59,Ludhiana,Punjab,Medium Value
C00139,Customer_00139,Male,18,Ludhiana,Punjab,Medium Value
C00140,Customer_00140,Male,23,Panaji,Goa,High Value
C00141,Customer_00141,Male,28,Indore,Madhya Pradesh,Medium Value
C00142,Customer_00142,Female,51,Kolkata,West Bengal,Medium Value
C00143,Customer_00143,Male,56,Mumbai,Maharashtra,Medium Value
C00144,Customer_00144,Other,37,Nashik,Maharashtra,Low Value
C00145,Customer_00145,Male,38,Panaji,Goa,Medium Value
C00146,Customer_00146,Male,38,Gaya,Bihar,Low Value
C00147,Customer_00147,Male,35,Kanpur,Uttar Pradesh,High Value
C00148,Customer_00148,Female,38,Surat,Gujarat,Medium Value
C00149,Customer_00149,Male,36,Kolkata,West Bengal,High Value
C00150,Customer_00150,Female,21,Warangal,Telangana,Medium Value
C00151,Customer_00151,Female,30,Jaipur,Rajasthan,High Value
C00152,Customer_00152,Female,35,Noida,Uttar Pradesh,Medium Value
C00153,Customer_00153,Female,46,Madurai,Tamil Nadu,Medium Value
C00154,Customer_00154,Female,42,Thane,Maharashtra,Medium Value
C00155,Customer_00155,Female,30,Raipur,Chhattisgarh,Medium Value
C00156,Customer_00156,Female,44,Kochi,Kerala,Low Value
C00157,Customer_00157,Male,36,Ludhiana,Punjab,Medium Value
C00158,Customer_00158,Male,18,Faridabad,Haryana,Low Value
C00159,Customer_00159,Male,55,Noida,Uttar Pradesh,Low Value
C00160,Customer_00160,Male,36,Panaji,Goa,Medium Value
C00161,Customer_00161,Male,18,Ranchi,Jharkhand,Low Value
C00162,Customer_00162,Female,57,Jamshedpur,Jharkhand,Low Value
C00163,Customer_00163,Male,34,Margao,Goa,Medium Value
C00164,Customer_00164,Male,38,Ludhiana,Punjab,Low Value
C00165,Customer_00165,Female,39,Kolkata,West Bengal,Low Value
C00166,Customer_00166,Male,32,Mangaluru,Karnataka,Medium Value
C00167,Customer_00167,Male,56,Ahmedabad,Gujarat,Medium Value
C00168,Customer_00168,Male,65,Jamshedpur,Jharkhand,Low Value
C00169,Customer_00169,Male,56,Madurai,Tamil Nadu,Low Value
C00170,Customer_00170,Male,49,Ranchi,Jharkhand,High Value
C00171,Customer_00171,Female,21,Jamshedpur,Jharkhand,High Value
C00172,Customer_00172,Female,61,Jamshedpur,Jharkhand,Low Value
C00173,Customer_00173,Male,62,Mangaluru,Karnataka,High Value
C00174,Customer_00174,Male,49,Mangaluru,Karnataka,Low Value
C00175,Customer_00175,Male,21,Madurai,Tamil Nadu,Medium Value
C00176,Customer_00176,Female,18,Nagpur,Maharashtra,High Value
C00177,Customer_00177,Male,50,Thane,Maharashtra,High Value
C00178,Customer_00178,Male,24,Raipur,Chhattisgarh,Medium Value
C00179,Customer_00179,Female,26,Mysuru,Karnataka,High Value
C00180,Customer_00180,Male,18,Amritsar,Punjab,Medium Value
C00181,Customer_00181,Male,33,Warangal,Telangana,Medium Value
C00182,Customer_00182,Male,35,New Delhi,Delhi,Medium Value
C00183,Customer_00183,Female,64,Bhopal,Madhya Pradesh,Low Value
C00184,Customer_00184,Female,23,Jamshedpur,Jharkhand,Medium Value
C00185,Customer_00185,Female,19,Hyderabad,Telangana,Medium Value
C00186,Customer_00186,Male,26,Chennai,Tamil Nadu,Medium Value
C00187,Customer_00187,Female,21,Panaji,Goa,Medium Value
C00188,Customer_00188,Female,62,Mysuru,Karnataka,Low Value
C00189,Customer_00189,Female,40,Hyderabad,Telangana,Low Value
C00190,Customer_00190,Male,60,Indore,Madhya Pradesh,Medium Value
C00191,Customer_00191,Female,62,Visakhapatnam,Andhra Pradesh,Low Value
C00192,Customer_00192,Male,60,Visakhapatnam,Andhra Pradesh,Medium Value
C00193,Customer_00193,Male,25,Pune,Maharashtra,High Value
C00194,Customer_00194,Female,56,Lucknow,Uttar Pradesh,Medium Value
C00195,Customer_00195,Male,42,Warangal,Telangana,Low Value
C00196,Customer_00196,Female,33,Vijayawada,Andhra Pradesh,Medium Value
C00197,Customer_00197,Male,52,Ahmedabad,Gujarat,Low Value
C00198,Customer_00198,Female,34,Margao,Goa,Medium Value
C00199,Customer_00199,Female,35,New Delhi,Delhi,Medium Value
C00200,Customer_00200,Female,44,Raipur,Chhattisgarh,Low Value
C00201,Customer_00201,Male,32,Ahmedabad,Gujarat,Medium Value
C00202,Customer_00202,Male,34,Raipur,Chhattisgarh,Low Value
C00203,Customer_00203,Female,60,Panaji,Goa,Low Value
C00204,Customer_00204,Male,22,Durgapur,West Bengal,Low Value
C00205,Customer_00205,Female,33,Panaji,Goa,High Value
C00206,Customer_00206,Female,32,Lucknow,Uttar Pradesh,Medium Value
C00207,Customer_00207,Male,59,Nagpur,Maharashtra,Low Value
C00208,Customer_00208,Male,63,Jaipur,Rajasthan,Medium Value
C00209,Customer_00209,Male,51,Durgapur,West Bengal,Medium Value
C00210,Customer_00210,Female,65,Guwahati,Assam,High Value
C00211,Customer_00211,Male,36,Jaipur,Rajasthan,Medium Value
C00212,Customer_00212,Male,25,Nashik,Maharashtra,Medium Value
C00213,Customer_00213,Male,64,Indore,Madhya Pradesh,Medium Value
C00214,Customer_00214,Female,27,Guwahati,Assam,Medium Value
C00215,Customer_00215,Male,22,Thiruvananthapuram,Kerala,High Value
C00216,Customer_00216,Male,65,Vadodara,Gujarat,High Value
C00217,Customer_00217,Female,43,Durgapur,West Bengal,Low Value
C00218,Customer_00218,Female,39,Visakhapatnam,Andhra Pradesh,Low Value
C00219,Customer_00219,Female,61,Visakhapatnam,Andhra Pradesh,High Value
C00220,Customer_00220,Male,40,Panaji,Goa,Medium Value
C00221,Customer_00221,Male,30,Ranchi,Jharkhand,Medium Value
C00222,Customer_00222,Female,26,Bengaluru,Karnataka,Medium Value
C00223,Customer_00223,Male,37,Nashik,Maharashtra,Low Value
C00224,Customer_00224,Female,45,Visakhapatnam,Andhra Pradesh,Low Value
C00225,Customer_00225,Female,61,Amritsar,Punjab,Low Value
C00226,Customer_00226,Male,54,Madurai,Tamil Nadu,Medium Value
C00227,Customer_00227,Female,41,Chennai,Tamil Nadu,Medium Value
C00228,Customer_00228,Female,61,Lucknow,Uttar Pradesh,Medium Value
C00229,Customer_00229,Male,50,Kanpur,Uttar Pradesh,High Value
C00230,Customer_00230,Female,37,Vadodara,Gujarat,High Value
C00231,Customer_00231,Male,65,Raipur,Chhattisgarh,High Value
C00232,Customer_00232,Male,47,Visakhapatnam,Andhra Pradesh,Medium Value
C00233,Customer_00233,Male,61,Vijayawada,Andhra Pradesh,Medium Value
C00234,Customer_00234,Female,26,Surat,Gujarat,High Value
C00235,Customer_00235,Female,62,Margao,Goa,Medium Value
C00236,Customer_00236,Female,34,Nagpur,Maharashtra,Low Value
C00237,Customer_00237,Male,53,Margao,Goa,High Value
C00238,Customer_00238,Female,31,Indore,Madhya Pradesh,Medium Value
C00239,Customer_00239,Male,36,Ranchi,Jharkhand,High Value
C00240,Customer_00240,Female,24,Jaipur,Rajasthan,Low Value
C00241,Customer_00241,Male,20,Delhi,Delhi,Medium Value
C00242,Customer_00242,Male,50,Hyderabad,Telangana,Low Value
C00243,Customer_00243,Male,61,Jodhpur,Rajasthan,Medium Value
C00244,Customer_00244,Female,49,Margao,Goa,Low Value
C00245,Customer_00245,Male,64,Vadodara,Gujarat,Medium Value
C00246,Customer_00246,Female,28,Visakhapatnam,Andhra Pradesh,Medium Value
C00247,Customer_00247,Male,59,Vadodara,Gujarat,High Value
C00248,Customer_00248,Male,19,Guwahati,Assam,Medium Value
C00249,Customer_00249,Male,43,Bhubaneswar,Odisha,Low Value
C00250,Customer_00250,Female,21,Guwahati,Assam,Medium Value
C00251,Customer_00251,Female,34,Mangaluru,Karnataka,Medium Value
C00252,Customer_00252,Male,34,Surat,Gujarat,Low Value
C00253,Customer_00253,Male,45,Visakhapatnam,Andhra Pradesh,Medium Value
C00254,Customer_00254,Male,47,Kanpur,Uttar Pradesh,Low Value
C00255,Customer_00255,Female,57,Delhi,Delhi,High Value
C00256,Customer_00256,Male,40,Nagpur,Maharashtra,Low Value
C00257,Customer_00257,Female,63,New Delhi,Delhi,High Value
C00258,Customer_00258,Female,41,Pune,Maharashtra,Medium Value
C00259,Customer_00259,Male,46,Bhubaneswar,Odisha,Medium Value
C00260,Customer_00260,Female,21,Visakhapatnam,Andhra Pradesh,Medium Value
C00261,Customer_00261,Female,55,Margao,Goa,Medium Value
C00262,Customer_00262,Female,46,Udaipur,Rajasthan,Medium Value
C00263,Customer_00263,Male,36,Durgapur,West Bengal,Low Value
C00264,Customer_00264,Male,44,Surat,Gujarat,Low Value
C00265,Customer_00265,Male,46,Ranchi,Jharkhand,Low Value
C00266,Customer_00266,Male,53,Pune,Maharashtra,Low Value
C00267,Customer_00267,Male,52,Vijayawada,Andhra Pradesh,Low Value
C00268,Customer_00268,Male,23,Ludhiana,Punjab,Low Value
C00269,Customer_00269,Female,40,Raipur,Chhattisgarh,Low Value
C00270,Customer_00270,Male,56,Bhubaneswar,Odisha,Medium Value
C00271,Customer_00271,Male,63,Warangal,Telangana,Low Value
C00272,Customer_00272,Male,61,Warangal,Telangana,Low Value
C00273,Customer_00273,Female,65,Patna,Bihar,Low Value
C00274,Customer_00274,Female,25,Raipur,Chhattisgarh,Medium Value
C00275,Customer_00275,Male,19,Udaipur,Rajasthan,High Value
C00276,Customer_00276,Male,30,Mangaluru,Karnataka,Low Value
C00277,Customer_00277,Female,57,Nagpur,Maharashtra,Low Value
C00278,Customer_00278,Male,38,Gurugram,Haryana,Medium Value
C00279,Customer_00279,Male,48,Thane,Maharashtra,High Value
C00280,Customer_00280,Male,65,Chennai,Tamil Nadu,Medium Value
C00281,Customer_00281,Male,53,Vijayawada,Andhra Pradesh,Medium Value
C00282,Customer_00282,Male,65,Raipur,Chhattisgarh,Medium Value
C00283,Customer_00283,Female,55,Delhi,Delhi,Medium Value
C00284,Customer_00284,Female,44,Surat,Gujarat,Low Value
C00285,Customer_00285,Male,53,Jamshedpur,Jharkhand,Low Value
C00286,Customer_00286,Female,65,Jamshedpur,Jharkhand,Medium Value
C00287,Customer_00287,Male,40,Ludhiana,Punjab,Low Value
C00288,Customer_00288,Male,38,Bhubaneswar,Odisha,Medium Value
C00289,Customer_00289,Female,30,Hyderabad,Telangana,High Value
C00290,Customer_00290,Female,54,Ahmedabad,Gujarat,Medium Value
C00291,Customer_00291,Male,64,Kanpur,Uttar Pradesh,Low Value
C00292,Customer_00292,Male,43,Chennai,Tamil Nadu,Low Value
C00293,Customer_00293,Female,57,Jamshedpur,Jharkhand,Low Value
C00294,Customer_00294,Female,24,Cuttack,Odisha,Medium Value
C00295,Customer_00295,Female,63,Ahmedabad,Gujarat,High Value
C00296,Customer_00296,Male,56,Thane,Maharashtra,High Value
C00297,Customer_00297,Male,39,Panaji,Goa,Low Value
C00298,Customer_00298,Male,56,Thane,Maharashtra,Low Value
C00299,Customer_00299,Male,40,Surat,Gujarat,Medium Value
C00300,Customer_00300,Female,47,Guwahati,Assam,Medium Value
C00301,Customer_00301,Male,35,Thiruvananthapuram,Kerala,Low Value
C00302,Customer_00302,Male,59,Ahmedabad,Gujarat,Low Value
C00303,Customer_00303,Female,35,Udaipur,Rajasthan,Medium Value
C00304,Customer_00304,Female,63,Cuttack,Odisha,Low Value
C00305,Customer_00305,Male,27,Guwahati,Assam,Medium Value
C00306,Customer_00306,Female,56,Gurugram,Haryana,High Value
C00307,Customer_00307,Female,47,Bengaluru,Karnataka,Medium Value
C00308,Customer_00308,Female,43,Kozhikode,Kerala,High Value
C00309,Customer_00309,Male,24,Mysuru,Karnataka,Medium Value
C00310,Customer_00310,Female,24,Jamshedpur,Jharkhand,Medium Value
C00311,Customer_00311,Female,22,Jodhpur,Rajasthan,Medium Value
C00312,Customer_00312,Male,18,Nashik,Maharashtra,Medium Value
C00313,Customer_00313,Male,63,Kanpur,Uttar Pradesh,Medium Value
C00314,Customer_00314,Female,35,Indore,Madhya Pradesh,High Value
C00315,Customer_00315,Male,30,Visakhapatnam,Andhra Pradesh,Low Value
C00316,Customer_00316,Female,42,Kolkata,West Bengal,Medium Value
C00317,Customer_00317,Male,57,Kozhikode,Kerala,Medium Value
C00318,Customer_00318,Male,25,Surat,Gujarat,Low Value
C00319,Customer_00319,Male,27,Guwahati,Assam,Medium Value
C00320,Customer_00320,Female,49,Gaya,Bihar,Medium Value
C00321,Customer_00321,Male,34,Kolkata,West Bengal,Medium Value
C00322,Customer_00322,Female,55,New Delhi,Delhi,Low Value
C00323,Customer_00323,Female,32,Patna,Bihar,Low Value
C00324,Customer_00324,Female,32,Margao,Goa,Medium Value
C00325,Customer_00325,Female,65,Mumbai,Maharashtra,Low Value
C00326,Customer_00326,Female,57,Udaipur,Rajasthan,High Value
C00327,Customer_00327,Male,37,Bhubaneswar,Odisha,Low Value
C00328,Customer_00328,Female,32,Visakhapatnam,Andhra Pradesh,Medium Value
C00329,Customer_00329,Female,52,Bhubaneswar,Odisha,Low Value
C00330,Customer_00330,Male,23,Amritsar,Punjab,Medium Value
C00331,Customer_00331,Male,47,Raipur,Chhattisgarh,Medium Value
C00332,Customer_00332,Female,25,Faridabad,Haryana,Low Value
C00333,Customer_00333,Male,48,Mysuru,Karnataka,Low Value
C00334,Customer_00334,Female,65,Mangaluru,Karnataka,High Value
C00335,Customer_00335,Male,64,Raipur,Chhattisgarh,Medium Value
C00336,Customer_00336,Male,49,Jamshedpur,Jharkhand,Medium Value
C00337,Customer_00337,Female,62,Margao,Goa,Medium Value
C00338,Customer_00338,Male,32,Kochi,Kerala,Medium Value
C00339,Customer_00339,Male,35,Hyderabad,Telangana,Medium Value
C00340,Customer_00340,Female,30,Faridabad,Haryana,Medium Value
C00341,Customer_00341,Male,41,Bhopal,Madhya Pradesh,High Value
C00342,Customer_00342,Female,57,Coimbatore,Tamil Nadu,Medium Value
C00343,Customer_00343,Female,31,Nashik,Maharashtra,Medium Value
C00344,Customer_00344,Female,45,Jaipur,Rajasthan,Medium Value
C00345,Customer_00345,Male,28,Ludhiana,Punjab,Low Value
C00346,Customer_00346,Male,23,Ludhiana,Punjab,High Value
C00347,Customer_00347,Female,42,Coimbatore,Tamil Nadu,Medium Value
C00348,Customer_00348,Female,18,Durgapur,West Bengal,Medium Value
C00349,Customer_00349,Female,42,New Delhi,Delhi,Medium Value
C00350,Customer_00350,Female,19,Hyderabad,Telangana,Low Value
C00351,Customer_00351,Male,49,Gaya,Bihar,Medium Value
C00352,Customer_00352,Male,30,Margao,Goa,Medium Value
C00353,Customer_00353,Male,50,Gurugram,Haryana,Low Value
C00354,Customer_00354,Male,49,Vadodara,Gujarat,Low Value
C00355,Customer_00355,Male,41,Jaipur,Rajasthan,High Value
C00356,Customer_00356,Female,44,Margao,Goa,Medium Value
C00357,Customer_00357,Male,21,Vijayawada,Andhra Pradesh,Medium Value
C00358,Customer_00358,Male,41,Gaya,Bihar,Medium Value
C00359,Customer_00359,Male,40,Guwahati,Assam,Medium Value
C00360,Customer_00360,Female,46,Thiruvananthapuram,Kerala,Medium Value
C00361,Customer_00361,Female,51,Raipur,Chhattisgarh,High Value
C00362,Customer_00362,Female,38,Jamshedpur,Jharkhand,Low Value
C00363,Customer_00363,Female,47,Raipur,Chhattisgarh,Medium Value
C00364,Customer_00364,Male,43,Madurai,Tamil Nadu,Medium Value
C00365,Customer_00365,Female,37,Lucknow,Uttar Pradesh,Low Value
C00366,Customer_00366,Male,33,Amritsar,Punjab,High Value
C00367,Customer_00367,Male,20,Mumbai,Maharashtra,Medium Value
C00368,Customer_00368,Female,54,Pune,Maharashtra,Medium Value
C00369,Customer_00369,Female,57,Gurugram,Haryana,Medium Value
C00370,Customer_00370,Male,61,Bengaluru,Karnataka,Medium Value
C00371,Customer_00371,Male,42,Vijayawada,Andhra Pradesh,High Value
C00372,Customer_00372,Female,40,Udaipur,Rajasthan,High Value
C00373,Customer_00373,Male,61,Patna,Bihar,High Value
C00374,Customer_00374,Male,18,Thane,Maharashtra,Low Value
C00375,Customer_00375,Male,50,Vijayawada,Andhra Pradesh,High Value
C00376,Customer_00376,Male,32,Durgapur,West Bengal,High Value
C00377,Customer_00377,Female,34,Madurai,Tamil Nadu,Low Value
C00378,Customer_00378,Male,51,Ahmedabad,Gujarat,Medium Value
C00379,Customer_00379,Male,34,Ludhiana,Punjab,Medium Value
C00380,Customer_00380,Female,58,Vijayawada,Andhra Pradesh,High Value
C00381,Customer_00381,Female,61,Raipur,Chhattisgarh,Low Value
C00382,Customer_00382,Male,21,Chennai,Tamil Nadu,High Value
C00383,Customer_00383,Male,30,Cuttack,Odisha,Low Value
C00384,Customer_00384,Male,21,Coimbatore,Tamil Nadu,Low Value
C00385,Customer_00385,Female,24,Faridabad,Haryana,Medium Value
C00386,Customer_00386,Female,63,Ranchi,Jharkhand,Medium Value
C00387,Customer_00387,Female,26,Cuttack,Odisha,Medium Value
C00388,Customer_00388,Female,40,Panaji,Goa,Medium Value
C00389,Customer_00389,Female,50,Coimbatore,Tamil Nadu,Medium Value
C00390,Customer_00390,Female,50,Amritsar,Punjab,Medium Value
C00391,Customer_00391,Female,37,Vijayawada,Andhra Pradesh,Low Value
C00392,Customer_00392,Male,21,Visakhapatnam,Andhra Pradesh,Medium Value
C00393,Customer_00393,Other,18,Kolkata,West Bengal,Low Value
C00394,Customer_00394,Male,59,Delhi,Delhi,Low Value
C00395,Customer_00395,Male,51,Pune,Maharashtra,Medium Value
C00396,Customer_00396,Female,44,Chennai,Tamil Nadu,Low Value
C00397,Customer_00397,Male,38,Kochi,Kerala,Medium Value
C00398,Customer_00398,Female,41,Madurai,Tamil Nadu,Low Value
C00399,Customer_00399,Female,32,Delhi,Delhi,High Value
C00400,Customer_00400,Male,52,Bengaluru,Karnataka,Medium Value
C00401,Customer_00401,Female,42,Margao,Goa,Low Value
C00402,Customer_00402,Male,26,Kozhikode,Kerala,Medium Value
C00403,Customer_00403,Male,34,Raipur,Chhattisgarh,Low Value
C00404,Customer_00404,Female,38,Nashik,Maharashtra,Medium Value
C00405,Customer_00405,Female,30,Coimbatore,Tamil Nadu,Medium Value
C00406,Customer_00406,Female,20,Gaya,Bihar,Medium Value
C00407,Customer_00407,Male,21,New Delhi,Delhi,Low Value
C00408,Customer_00408,Female,21,Visakhapatnam,Andhra Pradesh,Medium Value
C00409,Customer_00409,Male,60,Visakhapatnam,Andhra Pradesh,Low Value
C00410,Customer_00410,Female,45,Mysuru,Karnataka,Low Value
C00411,Customer_00411,Male,24,Ranchi,Jharkhand,Low Value
C00412,Customer_00412,Female,43,Margao,Goa,Low Value
C00413,Customer_00413,Male,28,Amritsar,Punjab,Medium Value
C00414,Customer_00414,Male,41,Guwahati,Assam,Low Value
C00415,Customer_00415,Male,60,Ahmedabad,Gujarat,Low Value
C00416,Customer_00416,Female,27,Nagpur,Maharashtra,Low Value
C00417,Customer_00417,Female,54,Nagpur,Maharashtra,High Value
C00418,Customer_00418,Female,30,Raipur,Chhattisgarh,Medium Value
C00419,Customer_00419,Male,61,Indore,Madhya Pradesh,Medium Value
C00420,Customer_00420,Female,59,Madurai,Tamil Nadu,Medium Value
C00421,Customer_00421,Male,56,Amritsar,Punjab,Medium Value
C00422,Customer_00422,Female,36,Ahmedabad,Gujarat,High Value
C00423,Customer_00423,Male,36,Mumbai,Maharashtra,Medium Value
C00424,Customer_00424,Female,29,Pune,Maharashtra,Medium Value
C00425,Customer_00425,Female,39,Jodhpur,Rajasthan,Medium Value
C00426,Customer_00426,Female,64,Kochi,Kerala,Medium Value
C00427,Customer_00427,Female,54,Bhopal,Madhya Pradesh,Low Value
C00428,Customer_00428,Female,47,Amritsar,Punjab,Medium Value
C00429,Customer_00429,Female,63,Gaya,Bihar,Medium Value
C00430,Customer_00430,Male,29,Amritsar,Punjab,High Value
C00431,Customer_00431,Female,46,Bhubaneswar,Odisha,Medium Value
C00432,Customer_00432,Male,38,Mysuru,Karnataka,Low Value
C00433,Customer_00433,Female,28,Raipur,Chhattisgarh,Low Value
C00434,Customer_00434,Male,54,Guwahati,Assam,Medium Value
C00435,Customer_00435,Male,65,Surat,Gujarat,Medium Value
C00436,Customer_00436,Male,35,Jamshedpur,Jharkhand,Low Value
C00437,Customer_00437,Male,61,Udaipur,Rajasthan,High Value
C00438,Customer_00438,Female,44,Thiruvananthapuram,Kerala,Medium Value
C00439,Customer_00439,Male,54,Bengaluru,Karnataka,Medium Value
C00440,Customer_00440,Female,65,Raipur,Chhattisgarh,High Value
C00441,Customer_00441,Male,29,Noida,Uttar Pradesh,High Value
C00442,Customer_00442,Female,40,Kolkata,West Bengal,Medium Value
C00443,Customer_00443,Female,51,New Delhi,Delhi,High Value
C00444,Customer_00444,Female,55,Guwahati,Assam,High Value
C00445,Customer_00445,Female,40,Patna,Bihar,Medium Value
C00446,Customer_00446,Male,42,Indore,Madhya Pradesh,High Value
C00447,Customer_00447,Female,21,Delhi,Delhi,Medium Value
C00448,Customer_00448,Male,47,Delhi,Delhi,High Value
C00449,Customer_00449,Male,47,Kozhikode,Kerala,Medium Value
C00450,Customer_00450,Female,30,Coimbatore,Tamil Nadu,Low Value
C00451,Customer_00451,Male,59,Lucknow,Uttar Pradesh,Medium Value
C00452,Customer_00452,Female,31,Surat,Gujarat,Medium Value
C00453,Customer_00453,Female,64,Jamshedpur,Jharkhand,High Value
C00454,Customer_00454,Male,25,Surat,Gujarat,Medium Value
C00455,Customer_00455,Male,41,Visakhapatnam,Andhra Pradesh,High Value
C00456,Customer_00456,Male,35,New Delhi,Delhi,High Value
C00457,Customer_00457,Female,52,Guwahati,Assam,Low Value
C00458,Customer_00458,Female,42,Jamshedpur,Jharkhand,Low Value
C00459,Customer_00459,Male,34,Kolkata,West Bengal,Medium Value
C00460,Customer_00460,Male,49,Coimbatore,Tamil Nadu,High Value
C00461,Customer_00461,Female,41,Ludhiana,Punjab,Low Value
C00462,Customer_00462,Female,24,Jamshedpur,Jharkhand,High Value
C00463,Customer_00463,Male,30,Patna,Bihar,Low Value
C00464,Customer_00464,Male,44,Surat,Gujarat,Medium Value
C00465,Customer_00465,Female,65,Lucknow,Uttar Pradesh,Medium Value
C00466,Customer_00466,Male,22,Jamshedpur,Jharkhand,Medium Value
C00467,Customer_00467,Male,53,Ranchi,Jharkhand,Low Value
C00468,Customer_00468,Female,43,Margao,Goa,Low Value
C00469,Customer_00469,Female,59,Vijayawada,Andhra Pradesh,Medium Value
C00470,Customer_00470,Male,62,Gaya,Bihar,Low Value
C00471,Customer_00471,Male,48,Raipur,Chhattisgarh,Medium Value
C00472,Customer_00472,Male,27,Ranchi,Jharkhand,Low Value
C00473,Customer_00473,Male,63,New Delhi,Delhi,Low Value
C00474,Customer_00474,Female,43,Ludhiana,Punjab,High Value
C00475,Customer_00475,Male,39,Kanpur,Uttar Pradesh,Medium Value
C00476,Customer_00476,Female,29,Raipur,Chhattisgarh,Low Value
C00477,Customer_00477,Female,49,Ludhiana,Punjab,Low Value
C00478,Customer_00478,Male,44,Varanasi,Uttar Pradesh,High Value
C00479,Customer_00479,Male,50,Kolkata,West Bengal,Medium Value
C00480,Customer_00480,Female,37,Bhubaneswar,Odisha,Low Value
C00481,Customer_00481,Female,56,Panaji,Goa,Medium Value
C00482,Customer_00482,Female,58,Raipur,Chhattisgarh,Medium Value
C00483,Customer_00483,Male,57,Gurugram,Haryana,High Value
C00484,Customer_00484,Female,30,Vijayawada,Andhra Pradesh,Low Value
C00485,Customer_00485,Female,31,Chennai,Tamil Nadu,Medium Value
C00486,Customer_00486,Female,61,Vadodara,Gujarat,High Value
C00487,Customer_00487,Male,57,Amritsar,Punjab,Medium Value
C00488,Customer_00488,Female,39,Margao,Goa,Low Value
C00489,Customer_00489,Female,35,New Delhi,Delhi,Low Value
C00490,Customer_00490,Male,65,Visakhapatnam,Andhra Pradesh,Low Value
C00491,Customer_00491,Male,46,Durgapur,West Bengal,Medium Value
C00492,Customer_00492,Male,60,Gaya,Bihar,Low Value
C00493,Customer_00493,Male,33,Thiruvananthapuram,Kerala,Low Value
C00494,Customer_00494,Male,63,Kolkata,West Bengal,Low Value
C00495,Customer_00495,Female,52,Bhubaneswar,Odisha,Low Value
C00496,Customer_00496,Male,51,Madurai,Tamil Nadu,Medium Value
C00497,Customer_00497,Male,20,Surat,Gujarat,Medium Value
C00498,Customer_00498,Female,21,Bhopal,Madhya Pradesh,Low Value
C00499,Customer_00499,Male,22,Bhopal,Madhya Pradesh,Low Value
C00500,Customer_00500,Male,27,Guwahati,Assam,Medium Value
C00501,Customer_00501,Female,46,Gurugram,Haryana,High Value
C00502,Customer_00502,Female,49,Amritsar,Punjab,Low Value
C00503,Customer_00503,Female,48,Lucknow,Uttar Pradesh,Medium Value
C00504,Customer_00504,Female,19,Kozhikode,Kerala,High Value
C00505,Customer_00505,Male,29,Ludhiana,Punjab,Low Value
C00506,Customer_00506,Female,44,Jamshedpur,Jharkhand,Medium Value
C00507,Customer_00507,Male,22,Hyderabad,Telangana,Medium Value
C00508,Customer_00508,Female,54,Durgapur,West Bengal,Low Value
C00509,Customer_00509,Male,44,Bhubaneswar,Odisha,Medium Value
C00510,Customer_00510,Female,40,Gaya,Bihar,High Value
C00511,Customer_00511,Female,50,Jaipur,Rajasthan,Medium Value
C00512,Customer_00512,Female,21,Thiruvananthapuram,Kerala,High Value
C00513,Customer_00513,Male,38,Lucknow,Uttar Pradesh,High Value
C00514,Customer_00514,Male,41,Guwahati,Assam,High Value
C00515,Customer_00515,Female,61,Mysuru,Karnataka,High Value
C00516,Customer_00516,Female,48,Coimbatore,Tamil Nadu,Medium Value
C00517,Customer_00517,Male,61,Madurai,Tamil Nadu,Medium Value
C00518,Customer_00518,Female,65,Warangal,Telangana,Low Value
C00519,Customer_00519,Female,41,Raipur,Chhattisgarh,Medium Value
C00520,Customer_00520,Male,27,Udaipur,Rajasthan,Low Value
C00521,Customer_00521,Female,19,Visakhapatnam,Andhra Pradesh,Medium Value
C00522,Customer_00522,Female,48,Patna,Bihar,Low Value
C00523,Customer_00523,Male,42,Mumbai,Maharashtra,Medium Value
C00524,Customer_00524,Male,21,Panaji,Goa,Medium Value
C00525,Customer_00525,Female,28,Ranchi,Jharkhand,High Value
C00526,Customer_00526,Female,34,Kolkata,West Bengal,Medium Value
C00527,Customer_00527,Male,61,Gaya,Bihar,Medium Value
C00528,Customer_00528,Female,19,New Delhi,Delhi,Medium Value
C00529,Customer_00529,Female,23,Delhi,Delhi,Low Value
C00530,Customer_00530,Female,26,Hyderabad,Telangana,Medium Value
C00531,Customer_00531,Male,22,Raipur,Chhattisgarh,High Value
C00532,Customer_00532,Female,37,Amritsar,Punjab,Medium Value
C00533,Customer_00533,Male,46,Durgapur,West Bengal,Low Value
C00534,Customer_00534,Male,38,Kozhikode,Kerala,Medium Value
C00535,Customer_00535,Male,26,Raipur,Chhattisgarh,Medium Value
C00536,Customer_00536,Male,45,Kolkata,West Bengal,Medium Value
C00537,Customer_00537,Female,25,Ahmedabad,Gujarat,Medium Value
C00538,Customer_00538,Male,48,Patna,Bihar,Low Value
C00539,Customer_00539,Female,37,Gaya,Bihar,Low Value
C00540,Customer_00540,Male,44,Guwahati,Assam,High Value
C00541,Customer_00541,Male,25,Panaji,Goa,Medium Value
C00542,Customer_00542,Other,38,Udaipur,Rajasthan,Medium Value
C00543,Customer_00543,Female,45,Varanasi,Uttar Pradesh,High Value
C00544,Customer_00544,Male,40,Kolkata,West Bengal,Low Value
C00545,Customer_00545,Female,23,Thane,Maharashtra,Medium Value
C00546,Customer_00546,Male,20,Surat,Gujarat,Medium Value
C00547,Customer_00547,Male,22,Patna,Bihar,Low Value
C00548,Customer_00548,Female,26,Jamshedpur,Jharkhand,Medium Value
C00549,Customer_00549,Female,24,Nagpur,Maharashtra,Low Value
C00550,Customer_00550,Male,21,Warangal,Telangana,Low Value
C00551,Customer_00551,Female,56,Hyderabad,Telangana,Low Value
C00552,Customer_00552,Female,22,Ludhiana,Punjab,High Value
C00553,Customer_00553,Male,28,Gaya,Bihar,Low Value
C00554,Customer_00554,Female,32,Patna,Bihar,Low Value
C00555,Customer_00555,Female,51,Gurugram,Haryana,Medium Value
C00556,Customer_00556,Female,30,Visakhapatnam,Andhra Pradesh,Medium Value
C00557,Customer_00557,Male,65,Indore,Madhya Pradesh,Medium Value
C00558,Customer_00558,Female,24,Madurai,Tamil Nadu,Low Value
C00559,Customer_00559,Male,57,New Delhi,Delhi,Low Value
C00560,Customer_00560,Female,23,Vadodara,Gujarat,Low Value
C00561,Customer_00561,Female,56,Raipur,Chhattisgarh,Low Value
C00562,Customer_00562,Male,47,Margao,Goa,Medium Value
C00563,Customer_00563,Female,39,Guwahati,Assam,Medium Value
C00564,Customer_00564,Female,42,Faridabad,Haryana,Medium Value
C00565,Customer_00565,Female,45,Lucknow,Uttar Pradesh,High Value
C00566,Customer_00566,Male,37,Ranchi,Jharkhand,Medium Value
C00567,Customer_00567,Male,56,Bhubaneswar,Odisha,Low Value
C00568,Customer_00568,Female,20,Faridabad,Haryana,Low Value
C00569,Customer_00569,Male,22,Nashik,Maharashtra,Medium Value
C00570,Customer_00570,Female,18,Vadodara,Gujarat,Low Value
C00571,Customer_00571,Male,32,Vijayawada,Andhra Pradesh,Medium Value
C00572,Customer_00572,Male,43,Indore,Madhya Pradesh,Medium Value
C00573,Customer_00573,Male,20,Ludhiana,Punjab,Low Value
C00574,Customer_00574,Male,57,Kozhikode,Kerala,Medium Value
C00575,Customer_00575,Female,58,Visakhapatnam,Andhra Pradesh,Low Value
C00576,Customer_00576,Male,64,Jodhpur,Rajasthan,Low Value
C00577,Customer_00577,Male,59,Warangal,Telangana,Low Value
C00578,Customer_00578,Male,51,Amritsar,Punjab,Medium Value
C00579,Customer_00579,Female,22,Jodhpur,Rajasthan,High Value
C00580,Customer_00580,Male,48,Delhi,Delhi,Medium Value
C00581,Customer_00581,Female,30,Jodhpur,Rajasthan,Low Value
C00582,Customer_00582,Female,60,Guwahati,Assam,Low Value
C00583,Customer_00583,Female,18,Chennai,Tamil Nadu,Medium Value
C00584,Customer_00584,Female,39,Noida,Uttar Pradesh,Low Value
C00585,Customer_00585,Female,32,New Delhi,Delhi,Medium Value
C00586,Customer_00586,Female,43,Jamshedpur,Jharkhand,Medium Value
C00587,Customer_00587,Male,35,Noida,Uttar Pradesh,Low Value
C00588,Customer_00588,Male,65,Thane,Maharashtra,Low Value
C00589,Customer_00589,Male,26,Panaji,Goa,Medium Value
C00590,Customer_00590,Female,18,Gaya,Bihar,Medium Value
C00591,Customer_00591,Female,60,Visakhapatnam,Andhra Pradesh,Medium Value
C00592,Customer_00592,Female,26,Gaya,Bihar,High Value
C00593,Customer_00593,Male,40,Cuttack,Odisha,Low Value
C00594,Customer_00594,Female,60,Ahmedabad,Gujarat,Medium Value
C00595,Customer_00595,Male,62,Hyderabad,Telangana,High Value
C00596,Customer_00596,Male,19,Guwahati,Assam,High Value
C00597,Customer_00597,Male,31,Raipur,Chhattisgarh,Low Value
C00598,Customer_00598,Male,55,Chennai,Tamil Nadu,Low Value
C00599,Customer_00599,Female,57,Gurugram,Haryana,Low Value
C00600,Customer_00600,Male,35,Mangaluru,Karnataka,High Value
C00601,Customer_00601,Male,33,Kozhikode,Kerala,Low Value
C00602,Customer_00602,Female,46,Guwahati,Assam,Medium Value
C00603,Customer_00603,Female,61,Gaya,Bihar,Low Value
C00604,Customer_00604,Female,28,Coimbatore,Tamil Nadu,Low Value
C00605,Customer_00605,Male,23,Mumbai,Maharashtra,High Value
C00606,Customer_00606,Female,20,Mumbai,Maharashtra,Medium Value
C00607,Customer_00607,Female,31,Guwahati,Assam,High Value
C00608,Customer_00608,Male,19,Gurugram,Haryana,Medium Value
C00609,Customer_00609,Female,49,Jamshedpur,Jharkhand,Medium Value
C00610,Customer_00610,Male,48,Indore,Madhya Pradesh,Low Value
C00611,Customer_00611,Male,28,Jamshedpur,Jharkhand,Medium Value
C00612,Customer_00612,Female,39,Patna,Bihar,Medium Value
C00613,Customer_00613,Female,20,Mumbai,Maharashtra,Low Value
C00614,Customer_00614,Male,48,Bengaluru,Karnataka,Low Value
C00615,Customer_00615,Female,50,Kanpur,Uttar Pradesh,Medium Value
C00616,Customer_00616,Female,41,Ahmedabad,Gujarat,Medium Value
C00617,Customer_00617,Female,18,Mumbai,Maharashtra,High Value
C00618,Customer_00618,Male,61,Vijayawada,Andhra Pradesh,High Value
C00619,Customer_00619,Female,32,Warangal,Telangana,Medium Value
C00620,Customer_00620,Male,54,Jamshedpur,Jharkhand,High Value
C00621,Customer_00621,Female,44,Coimbatore,Tamil Nadu,Medium Value
C00622,Customer_00622,Male,55,Chennai,Tamil Nadu,High Value
C00623,Customer_00623,Male,65,Warangal,Telangana,Medium Value
C00624,Customer_00624,Female,44,Ahmedabad,Gujarat,Medium Value
C00625,Customer_00625,Male,61,Madurai,Tamil Nadu,High Value
C00626,Customer_00626,Male,29,Madurai,Tamil Nadu,Medium Value
C00627,Customer_00627,Male,20,Thiruvananthapuram,Kerala,Medium Value
C00628,Customer_00628,Female,47,Kozhikode,Kerala,Low Value
C00629,Customer_00629,Male,49,Raipur,Chhattisgarh,Medium Value
C00630,Customer_00630,Female,40,Ranchi,Jharkhand,Low Value
C00631,Customer_00631,Male,19,Bhubaneswar,Odisha,High Value
C00632,Customer_00632,Male,24,Lucknow,Uttar Pradesh,High Value
C00633,Customer_00633,Male,51,Cuttack,Odisha,High Value
C00634,Customer_00634,Male,49,Thane,Maharashtra,Medium Value
C00635,Customer_00635,Male,56,Raipur,Chhattisgarh,Low Value
C00636,Customer_00636,Male,49,Patna,Bihar,High Value
C00637,Customer_00637,Female,60,Gaya,Bihar,Medium Value
C00638,Customer_00638,Female,60,Delhi,Delhi,Medium Value
C00639,Customer_00639,Male,31,Pune,Maharashtra,Low Value
C00640,Customer_00640,Male,20,Ranchi,Jharkhand,Low Value
C00641,Customer_00641,Female,63,Jodhpur,Rajasthan,Low Value
C00642,Customer_00642,Male,49,Bengaluru,Karnataka,Medium Value
C00643,Customer_00643,Male,60,Jodhpur,Rajasthan,Low Value
C00644,Customer_00644,Female,53,Durgapur,West Bengal,Low Value
C00645,Customer_00645,Female,34,Mangaluru,Karnataka,Medium Value
C00646,Customer_00646,Female,65,Vadodara,Gujarat,Medium Value
C00647,Customer_00647,Male,20,Guwahati,Assam,Medium Value
C00648,Customer_00648,Male,27,Ludhiana,Punjab,Medium Value
C00649,Customer_00649,Female,64,Nashik,Maharashtra,Medium Value
C00650,Customer_00650,Male,57,Amritsar,Punjab,Medium Value
C00651,Customer_00651,Female,35,Chennai,Tamil Nadu,Low Value
C00652,Customer_00652,Female,20,Jamshedpur,Jharkhand,Medium Value
C00653,Customer_00653,Male,56,Vijayawada,Andhra Pradesh,Low Value
C00654,Customer_00654,Female,27,Gurugram,Haryana,Medium Value
C00655,Customer_00655,Female,26,Faridabad,Haryana,Low Value
C00656,Customer_00656,Female,63,Madurai,Tamil Nadu,Medium Value
C00657,Customer_00657,Male,63,Cuttack,Odisha,Medium Value
C00658,Customer_00658,Male,28,Mysuru,Karnataka,Medium Value
C00659,Customer_00659,Female,50,Bhopal,Madhya Pradesh,Medium Value
C00660,Customer_00660,Male,53,Raipur,Chhattisgarh,Low Value
C00661,Customer_00661,Female,43,Durgapur,West Bengal,High Value
C00662,Customer_00662,Male,44,Warangal,Telangana,Medium Value
C00663,Customer_00663,Male,55,Mangaluru,Karnataka,High Value
C00664,Customer_00664,Male,39,Warangal,Telangana,Low Value
C00665,Customer_00665,Female,43,Guwahati,Assam,Medium Value
C00666,Customer_00666,Male,39,Bengaluru,Karnataka,Medium Value
C00667,Customer_00667,Male,22,Guwahati,Assam,High Value
C00668,Customer_00668,Male,52,Gurugram,Haryana,Medium Value
C00669,Customer_00669,Female,19,Raipur,Chhattisgarh,Low Value
C00670,Customer_00670,Male,52,Bengaluru,Karnataka,High Value
C00671,Customer_00671,Female,26,Panaji,Goa,Low Value
C00672,Customer_00672,Female,35,Warangal,Telangana,Medium Value
C00673,Customer_00673,Male,60,Pune,Maharashtra,Medium Value
C00674,Customer_00674,Female,29,Gurugram,Haryana,Medium Value
C00675,Customer_00675,Male,20,Thiruvananthapuram,Kerala,Medium Value
C00676,Customer_00676,Female,35,Raipur,Chhattisgarh,Medium Value
C00677,Customer_00677,Female,55,Jamshedpur,Jharkhand,Medium Value
C00678,Customer_00678,Male,24,Coimbatore,Tamil Nadu,Medium Value
C00679,Customer_00679,Male,50,New Delhi,Delhi,Medium Value
C00680,Customer_00680,Male,23,Kochi,Kerala,High Value
C00681,Customer_00681,Other,35,Jamshedpur,Jharkhand,Low Value
C00682,Customer_00682,Male,62,Kozhikode,Kerala,Low Value
C00683,Customer_00683,Female,39,Ranchi,Jharkhand,High Value
C00684,Customer_00684,Male,56,Margao,Goa,Medium Value
C00685,Customer_00685,Female,26,Madurai,Tamil Nadu,High Value
C00686,Customer_00686,Male,52,Bengaluru,Karnataka,Low Value
C00687,Customer_00687,Female,40,Warangal,Telangana,Low Value
C00688,Customer_00688,Male,29,Mangaluru,Karnataka,Medium Value
C00689,Customer_00689,Female,41,Patna,Bihar,Medium Value
C00690,Customer_00690,Male,57,Indore,Madhya Pradesh,Medium Value
C00691,Customer_00691,Male,26,Indore,Madhya Pradesh,Medium Value
C00692,Customer_00692,Male,30,Visakhapatnam,Andhra Pradesh,Low Value
C00693,Customer_00693,Female,57,Indore,Madhya Pradesh,Medium Value
C00694,Customer_00694,Male,59,Raipur,Chhattisgarh,Low Value
C00695,Customer_00695,Female,34,Gurugram,Haryana,Medium Value
C00696,Customer_00696,Male,24,Visakhapatnam,Andhra Pradesh,High Value
C00697,Customer_00697,Female,34,Bhopal,Madhya Pradesh,Medium Value
C00698,Customer_00698,Female,41,Vijayawada,Andhra Pradesh,Medium Value
C00699,Customer_00699,Female,19,Udaipur,Rajasthan,Low Value
C00700,Customer_00700,Male,52,Delhi,Delhi,Medium Value
C00701,Customer_00701,Male,45,Jaipur,Rajasthan,Medium Value
C00702,Customer_00702,Male,36,Delhi,Delhi,Low Value
C00703,Customer_00703,Male,50,Ahmedabad,Gujarat,Medium Value
C00704,Customer_00704,Female,38,Ahmedabad,Gujarat,Medium Value
C00705,Customer_00705,Female,27,Guwahati,Assam,Low Value
C00706,Customer_00706,Female,63,Raipur,Chhattisgarh,Medium Value
C00707,Customer_00707,Male,62,Raipur,Chhattisgarh,Medium Value
C00708,Customer_00708,Female,26,Madurai,Tamil Nadu,Low Value
C00709,Customer_00709,Male,55,Guwahati,Assam,High Value
C00710,Customer_00710,Female,23,Kozhikode,Kerala,Medium Value
C00711,Customer_00711,Male,59,Hyderabad,Telangana,Medium Value
C00712,Customer_00712,Male,52,Nagpur,Maharashtra,High Value
C00713,Customer_00713,Male,35,Coimbatore,Tamil Nadu,Low Value
C00714,Customer_00714,Female,36,Varanasi,Uttar Pradesh,Medium Value
C00715,Customer_00715,Female,22,Ludhiana,Punjab,Medium Value
C00716,Customer_00716,Male,42,Cuttack,Odisha,High Value
C00717,Customer_00717,Male,28,Mangaluru,Karnataka,Medium Value
C00718,Customer_00718,Female,27,Ranchi,Jharkhand,Medium Value
C00719,Customer_00719,Female,34,Bhubaneswar,Odisha,Medium Value
C00720,Customer_00720,Male,53,Gaya,Bihar,Low Value
C00721,Customer_00721,Female,43,Noida,Uttar Pradesh,Medium Value
C00722,Customer_00722,Other,48,Faridabad,Haryana,Low Value
C00723,Customer_00723,Female,49,Gurugram,Haryana,Medium Value
C00724,Customer_00724,Male,38,Bhopal,Madhya Pradesh,Medium Value
C00725,Customer_00725,Female,35,Visakhapatnam,Andhra Pradesh,Medium Value
C00726,Customer_00726,Female,35,Ranchi,Jharkhand,High Value
C00727,Customer_00727,Male,18,Delhi,Delhi,Medium Value
C00728,Customer_00728,Female,31,Nagpur,Maharashtra,High Value
C00729,Customer_00729,Female,25,Udaipur,Rajasthan,Medium Value
C00730,Customer_00730,Male,19,Ranchi,Jharkhand,Low Value
C00731,Customer_00731,Male,32,Vadodara,Gujarat,High Value
C00732,Customer_00732,Female,51,Margao,Goa,Low Value
C00733,Customer_00733,Female,53,Faridabad,Haryana,Medium Value
C00734,Customer_00734,Male,18,Faridabad,Haryana,Low Value
C00735,Customer_00735,Female,38,Bhubaneswar,Odisha,High Value
C00736,Customer_00736,Female,59,Cuttack,Odisha,Low Value
C00737,Customer_00737,Female,18,Mangaluru,Karnataka,High Value
C00738,Customer_00738,Male,49,Gaya,Bihar,Medium Value
C00739,Customer_00739,Female,37,Cuttack,Odisha,Low Value
C00740,Customer_00740,Male,64,Raipur,Chhattisgarh,Medium Value
C00741,Customer_00741,Male,53,Durgapur,West Bengal,High Value
C00742,Customer_00742,Female,56,Vadodara,Gujarat,Low Value
C00743,Customer_00743,Male,47,Faridabad,Haryana,Medium Value
C00744,Customer_00744,Female,24,Bhubaneswar,Odisha,Medium Value
C00745,Customer_00745,Male,39,Bhopal,Madhya Pradesh,High Value
C00746,Customer_00746,Male,62,Faridabad,Haryana,Low Value
C00747,Customer_00747,Male,27,Gaya,Bihar,High Value
C00748,Customer_00748,Other,25,Guwahati,Assam,Low Value
C00749,Customer_00749,Female,44,Hyderabad,Telangana,Low Value
C00750,Customer_00750,Female,27,Vadodara,Gujarat,Low Value
C00751,Customer_00751,Male,31,Raipur,Chhattisgarh,Medium Value
C00752,Customer_00752,Male,63,Faridabad,Haryana,Low Value
C00753,Customer_00753,Female,28,Chennai,Tamil Nadu,Medium Value
C00754,Customer_00754,Male,23,Thiruvananthapuram,Kerala,Low Value
C00755,Customer_00755,Male,38,Durgapur,West Bengal,Medium Value
C00756,Customer_00756,Female,50,Ranchi,Jharkhand,Low Value
C00757,Customer_00757,Male,36,Kolkata,West Bengal,Medium Value
C00758,Customer_00758,Female,56,Ludhiana,Punjab,High Value
C00759,Customer_00759,Female,41,Ranchi,Jharkhand,Medium Value
C00760,Customer_00760,Male,35,Gaya,Bihar,High Value
C00761,Customer_00761,Male,52,Panaji,Goa,Medium Value
C00762,Customer_00762,Male,60,New Delhi,Delhi,Medium Value
C00763,Customer_00763,Female,54,Kozhikode,Kerala,Medium Value
C00764,Customer_00764,Female,36,Vadodara,Gujarat,Medium Value
C00765,Customer_00765,Male,41,Noida,Uttar Pradesh,Medium Value
C00766,Customer_00766,Male,51,Patna,Bihar,High Value
C00767,Customer_00767,Female,39,Guwahati,Assam,Low Value
C00768,Customer_00768,Female,21,Faridabad,Haryana,Low Value
C00769,Customer_00769,Male,27,Delhi,Delhi,Medium Value
C00770,Customer_00770,Male,19,Gurugram,Haryana,High Value
C00771,Customer_00771,Male,25,Mangaluru,Karnataka,Medium Value
C00772,Customer_00772,Female,50,Faridabad,Haryana,Low Value
C00773,Customer_00773,Female,55,Jodhpur,Rajasthan,Low Value
C00774,Customer_00774,Male,60,Jodhpur,Rajasthan,Medium Value
C00775,Customer_00775,Female,45,Ranchi,Jharkhand,High Value
C00776,Customer_00776,Male,27,Ludhiana,Punjab,Low Value
C00777,Customer_00777,Male,62,Raipur,Chhattisgarh,Medium Value
C00778,Customer_00778,Male,18,Kochi,Kerala,Medium Value
C00779,Customer_00779,Female,51,Noida,Uttar Pradesh,High Value
C00780,Customer_00780,Male,20,Madurai,Tamil Nadu,Medium Value
C00781,Customer_00781,Female,26,Hyderabad,Telangana,Medium Value
C00782,Customer_00782,Male,22,Panaji,Goa,Low Value
C00783,Customer_00783,Male,59,Mysuru,Karnataka,Low Value
C00784,Customer_00784,Male,27,Gaya,Bihar,High Value
C00785,Customer_00785,Female,29,Hyderabad,Telangana,Low Value
C00786,Customer_00786,Male,35,Madurai,Tamil Nadu,Low Value
C00787,Customer_00787,Female,38,Nagpur,Maharashtra,Medium Value
C00788,Customer_00788,Male,38,Warangal,Telangana,Low Value
C00789,Customer_00789,Male,18,Hyderabad,Telangana,Low Value
C00790,Customer_00790,Male,20,Vijayawada,Andhra Pradesh,Medium Value
C00791,Customer_00791,Male,22,Delhi,Delhi,Low Value
C00792,Customer_00792,Male,42,Bhopal,Madhya Pradesh,Low Value
C00793,Customer_00793,Male,25,Noida,Uttar Pradesh,Low Value
C00794,Customer_00794,Female,34,Surat,Gujarat,Low Value
C00795,Customer_00795,Female,26,Raipur,Chhattisgarh,Medium Value
C00796,Customer_00796,Male,49,Jodhpur,Rajasthan,Low Value
C00797,Customer_00797,Male,23,Chennai,Tamil Nadu,Low Value
C00798,Customer_00798,Male,57,New Delhi,Delhi,Medium Value
C00799,Customer_00799,Male,38,Hyderabad,Telangana,High Value
C00800,Customer_00800,Male,24,Bengaluru,Karnataka,Low Value
C00801,Customer_00801,Female,24,Panaji,Goa,High Value
C00802,Customer_00802,Male,64,Indore,Madhya Pradesh,Low Value
C00803,Customer_00803,Male,56,Delhi,Delhi,Low Value
C00804,Customer_00804,Male,44,Faridabad,Haryana,Medium Value
C00805,Customer_00805,Male,25,Warangal,Telangana,High Value
C00806,Customer_00806,Female,26,Ranchi,Jharkhand,Medium Value
C00807,Customer_00807,Male,45,Hyderabad,Telangana,Medium Value
C00808,Customer_00808,Male,32,Raipur,Chhattisgarh,Low Value
C00809,Customer_00809,Female,19,Bengaluru,Karnataka,Medium Value
C00810,Customer_00810,Male,24,Gurugram,Haryana,High Value
C00811,Customer_00811,Female,64,Bhopal,Madhya Pradesh,Medium Value
C00812,Customer_00812,Female,35,Jaipur,Rajasthan,Low Value
C00813,Customer_00813,Male,39,Raipur,Chhattisgarh,Medium Value
C00814,Customer_00814,Female,27,Gaya,Bihar,Low Value
C00815,Customer_00815,Male,50,Ludhiana,Punjab,Medium Value
C00816,Customer_00816,Female,24,Chennai,Tamil Nadu,Low Value
C00817,Customer_00817,Male,20,Warangal,Telangana,Medium Value
C00818,Customer_00818,Male,31,New Delhi,Delhi,Medium Value
C00819,Customer_00819,Female,61,Raipur,Chhattisgarh,Low Value
C00820,Customer_00820,Female,63,Margao,Goa,Medium Value
C00821,Customer_00821,Other,53,Mumbai,Maharashtra,Medium Value
C00822,Customer_00822,Female,30,Margao,Goa,Low Value
C00823,Customer_00823,Male,33,Jamshedpur,Jharkhand,Low Value
C00824,Customer_00824,Male,33,Ludhiana,Punjab,Medium Value
C00825,Customer_00825,Male,22,Faridabad,Haryana,Medium Value
C00826,Customer_00826,Male,42,Nagpur,Maharashtra,Low Value
C00827,Customer_00827,Male,55,Bhubaneswar,Odisha,Low Value
C00828,Customer_00828,Female,55,Hyderabad,Telangana,Medium Value
C00829,Customer_00829,Male,55,Coimbatore,Tamil Nadu,Medium Value
C00830,Customer_00830,Male,56,Bhopal,Madhya Pradesh,Medium Value
C00831,Customer_00831,Male,65,New Delhi,Delhi,Low Value
C00832,Customer_00832,Female,58,Patna,Bihar,High Value
C00833,Customer_00833,Female,43,Bhopal,Madhya Pradesh,Low Value
C00834,Customer_00834,Female,30,Surat,Gujarat,High Value
C00835,Customer_00835,Male,61,Nagpur,Maharashtra,Low Value
C00836,Customer_00836,Female,43,Hyderabad,Telangana,Low Value
C00837,Customer_00837,Male,18,Guwahati,Assam,High Value
C00838,Customer_00838,Female,25,Kochi,Kerala,Medium Value
C00839,Customer_00839,Female,21,Madurai,Tamil Nadu,Medium Value
C00840,Customer_00840,Male,38,Kochi,Kerala,Low Value
C00841,Customer_00841,Female,39,Amritsar,Punjab,Medium Value
C00842,Customer_00842,Female,54,Mangaluru,Karnataka,Low Value
C00843,Customer_00843,Male,20,Gaya,Bihar,Low Value
C00844,Customer_00844,Female,36,Jaipur,Rajasthan,Low Value
C00845,Customer_00845,Male,18,Bengaluru,Karnataka,Low Value
C00846,Customer_00846,Male,46,Margao,Goa,Medium Value
C00847,Customer_00847,Male,40,Thane,Maharashtra,Low Value
C00848,Customer_00848,Male,50,Madurai,Tamil Nadu,Medium Value
C00849,Customer_00849,Female,58,Kanpur,Uttar Pradesh,Medium Value
C00850,Customer_00850,Male,40,Ranchi,Jharkhand,Medium Value
C00851,Customer_00851,Female,22,Varanasi,Uttar Pradesh,Low Value
C00852,Customer_00852,Male,24,Indore,Madhya Pradesh,Low Value
C00853,Customer_00853,Female,23,Gurugram,Haryana,High Value
C00854,Customer_00854,Female,39,Hyderabad,Telangana,Low Value
C00855,Customer_00855,Female,30,Surat,Gujarat,Low Value
C00856,Customer_00856,Male,29,Ranchi,Jharkhand,Medium Value
C00857,Customer_00857,Male,21,Coimbatore,Tamil Nadu,Low Value
C00858,Customer_00858,Male,25,Ludhiana,Punjab,High Value
C00859,Customer_00859,Female,54,Guwahati,Assam,High Value
C00860,Customer_00860,Female,48,Cuttack,Odisha,Low Value
C00861,Customer_00861,Male,54,Bhopal,Madhya Pradesh,Medium Value
C00862,Customer_00862,Male,62,Lucknow,Uttar Pradesh,Medium Value
C00863,Customer_00863,Female,43,Mangaluru,Karnataka,Low Value
C00864,Customer_00864,Male,60,Ludhiana,Punjab,Low Value
C00865,Customer_00865,Female,25,Vadodara,Gujarat,Medium Value
C00866,Customer_00866,Female,57,Ahmedabad,Gujarat,Medium Value
C00867,Customer_00867,Female,50,Nagpur,Maharashtra,Medium Value
C00868,Customer_00868,Male,62,Jaipur,Rajasthan,Low Value
C00869,Customer_00869,Male,46,Jaipur,Rajasthan,High Value
C00870,Customer_00870,Female,22,Bhopal,Madhya Pradesh,Medium Value
C00871,Customer_00871,Female,45,Noida,Uttar Pradesh,Medium Value
C00872,Customer_00872,Male,57,Chennai,Tamil Nadu,Medium Value
C00873,Customer_00873,Male,34,Cuttack,Odisha,Medium Value
C00874,Customer_00874,Female,40,Vadodara,Gujarat,Medium Value
C00875,Customer_00875,Female,62,Coimbatore,Tamil Nadu,High Value
C00876,Customer_00876,Female,26,Coimbatore,Tamil Nadu,High Value
C00877,Customer_00877,Other,19,Raipur,Chhattisgarh,Medium Value
C00878,Customer_00878,Male,49,Bhubaneswar,Odisha,Medium Value
C00879,Customer_00879,Male,48,New Delhi,Delhi,Medium Value
C00880,Customer_00880,Female,24,Patna,Bihar,Medium Value
C00881,Customer_00881,Female,47,Thiruvananthapuram,Kerala,Medium Value
C00882,Customer_00882,Male,20,Guwahati,Assam,Medium Value
C00883,Customer_00883,Male,26,Jaipur,Rajasthan,Medium Value
C00884,Customer_00884,Female,27,Udaipur,Rajasthan,High Value
C00885,Customer_00885,Male,63,Durgapur,West Bengal,High Value
C00886,Customer_00886,Male,64,Jaipur,Rajasthan,Medium Value
C00887,Customer_00887,Female,43,Cuttack,Odisha,Low Value
C00888,Customer_00888,Female,18,Raipur,Chhattisgarh,Medium Value
C00889,Customer_00889,Female,47,Hyderabad,Telangana,Low Value
C00890,Customer_00890,Male,55,Pune,Maharashtra,Medium Value
C00891,Customer_00891,Female,32,Faridabad,Haryana,Medium Value
C00892,Customer_00892,Female,42,Mumbai,Maharashtra,Low Value
C00893,Customer_00893,Female,23,Jamshedpur,Jharkhand,High Value
C00894,Customer_00894,Female,35,Pune,Maharashtra,High Value
C00895,Customer_00895,Male,18,Faridabad,Haryana,Low Value
C00896,Customer_00896,Male,20,Bengaluru,Karnataka,Medium Value
C00897,Customer_00897,Male,34,Bhubaneswar,Odisha,High Value
C00898,Customer_00898,Male,65,Jodhpur,Rajasthan,High Value
C00899,Customer_00899,Female,25,Jodhpur,Rajasthan,Low Value
C00900,Customer_00900,Female,57,Raipur,Chhattisgarh,Low Value
C00901,Customer_00901,Female,34,Durgapur,West Bengal,Medium Value
C00902,Customer_00902,Female,42,Raipur,Chhattisgarh,High Value
C00903,Customer_00903,Male,58,Hyderabad,Telangana,Low Value
C00904,Customer_00904,Male,29,Warangal,Telangana,Medium Value
C00905,Customer_00905,Male,46,Ahmedabad,Gujarat,Medium Value
C00906,Customer_00906,Male,42,Kolkata,West Bengal,Low Value
C00907,Customer_00907,Male,53,Raipur,Chhattisgarh,Medium Value
C00908,Customer_00908,Female,42,Jaipur,Rajasthan,Medium Value
C00909,Customer_00909,Other,46,Thiruvananthapuram,Kerala,Low Value
C00910,Customer_00910,Male,28,Margao,Goa,Low Value
C00911,Customer_00911,Male,21,Gurugram,Haryana,Medium Value
C00912,Customer_00912,Female,31,Faridabad,Haryana,Medium Value
C00913,Customer_00913,Male,63,Nagpur,Maharashtra,Medium Value
C00914,Customer_00914,Female,55,Panaji,Goa,Medium Value
C00915,Customer_00915,Female,34,Durgapur,West Bengal,Medium Value
C00916,Customer_00916,Female,19,New Delhi,Delhi,Medium Value
C00917,Customer_00917,Male,25,Hyderabad,Telangana,High Value
C00918,Customer_00918,Female,53,Thane,Maharashtra,High Value
C00919,Customer_00919,Male,27,Madurai,Tamil Nadu,Medium Value
C00920,Customer_00920,Female,24,Pune,Maharashtra,Medium Value
C00921,Customer_00921,Male,53,New Delhi,Delhi,Medium Value
C00922,Customer_00922,Male,33,Mysuru,Karnataka,Medium Value
C00923,Customer_00923,Female,31,Kochi,Kerala,Low Value
C00924,Customer_00924,Female,33,Chennai,Tamil Nadu,Low Value
C00925,Customer_00925,Female,42,Thiruvananthapuram,Kerala,Medium Value
C00926,Customer_00926,Female,58,Thane,Maharashtra,High Value
C00927,Customer_00927,Female,21,Warangal,Telangana,Medium Value
C00928,Customer_00928,Male,46,Patna,Bihar,Medium Value
C00929,Customer_00929,Female,23,Gurugram,Haryana,High Value
C00930,Customer_00930,Female,18,New Delhi,Delhi,Low Value
C00931,Customer_00931,Female,56,Gaya,Bihar,Medium Value
C00932,Customer_00932,Female,18,Panaji,Goa,Medium Value
C00933,Customer_00933,Male,57,Faridabad,Haryana,Medium Value
C00934,Customer_00934,Female,20,Jodhpur,Rajasthan,High Value
C00935,Customer_00935,Male,18,Coimbatore,Tamil Nadu,High Value
C00936,Customer_00936,Male,18,Faridabad,Haryana,Medium Value
C00937,Customer_00937,Female,56,New Delhi,Delhi,Medium Value
C00938,Customer_00938,Male,38,Amritsar,Punjab,Medium Value
C00939,Customer_00939,Female,62,Patna,Bihar,Low Value
C00940,Customer_00940,Male,47,Mangaluru,Karnataka,Medium Value
C00941,Customer_00941,Male,49,Raipur,Chhattisgarh,High Value
C00942,Customer_00942,Female,50,Raipur,Chhattisgarh,Medium Value
C00943,Customer_00943,Female,65,New Delhi,Delhi,Medium Value
C00944,Customer_00944,Female,39,New Delhi,Delhi,Medium Value
C00945,Customer_00945,Female,47,Indore,Madhya Pradesh,High Value
C00946,Customer_00946,Female,63,Coimbatore,Tamil Nadu,Medium Value
C00947,Customer_00947,Male,21,Panaji,Goa,High Value
C00948,Customer_00948,Male,40,Bhopal,Madhya Pradesh,Medium Value
C00949,Customer_00949,Male,61,Kochi,Kerala,Medium Value
C00950,Customer_00950,Female,42,Jaipur,Rajasthan,High Value
C00951,Customer_00951,Female,29,Warangal,Telangana,Medium Value
C00952,Customer_00952,Male,34,Warangal,Telangana,Medium Value
C00953,Customer_00953,Female,32,Jaipur,Rajasthan,Medium Value
C00954,Customer_00954,Female,27,Faridabad,Haryana,Medium Value
C00955,Customer_00955,Male,52,Bhubaneswar,Odisha,Medium Value
C00956,Customer_00956,Male,46,Bhopal,Madhya Pradesh,Low Value
C00957,Customer_00957,Female,29,Amritsar,Punjab,High Value
C00958,Customer_00958,Female,18,Gaya,Bihar,Low Value
C00959,Customer_00959,Female,18,Jodhpur,Rajasthan,High Value
C00960,Customer_00960,Male,27,Guwahati,Assam,Medium Value
C00961,Customer_00961,Other,35,Thane,Maharashtra,Medium Value
C00962,Customer_00962,Male,64,Gurugram,Haryana,High Value
C00963,Customer_00963,Male,19,Jaipur,Rajasthan,High Value
C00964,Customer_00964,Other,25,Bhopal,Madhya Pradesh,Medium Value
C00965,Customer_00965,Male,39,Amritsar,Punjab,Low Value
C00966,Customer_00966,Female,39,Ludhiana,Punjab,Medium Value
C00967,Customer_00967,Male,43,New Delhi,Delhi,Medium Value
C00968,Customer_00968,Female,43,Visakhapatnam,Andhra Pradesh,Low Value
C00969,Customer_00969,Female,26,New Delhi,Delhi,Low Value
C00970,Customer_00970,Male,38,Chennai,Tamil Nadu,Low Value
C00971,Customer_00971,Female,48,Madurai,Tamil Nadu,Medium Value
C00972,Customer_00972,Male,60,Udaipur,Rajasthan,High Value
C00973,Customer_00973,Female,23,Kozhikode,Kerala,Medium Value
C00974,Customer_00974,Male,31,Ranchi,Jharkhand,Medium Value
C00975,Customer_00975,Male,50,Lucknow,Uttar Pradesh,High Value
C00976,Customer_00976,Male,24,Raipur,Chhattisgarh,High Value
C00977,Customer_00977,Male,41,Cuttack,Odisha,Low Value
C00978,Customer_00978,Female,26,Jaipur,Rajasthan,Low Value
C00979,Customer_00979,Male,28,Lucknow,Uttar Pradesh,High Value
C00980,Customer_00980,Male,40,Bhopal,Madhya Pradesh,High Value
C00981,Customer_00981,Male,65,Nashik,Maharashtra,High Value
C00982,Customer_00982,Male,19,Cuttack,Odisha,Medium Value
C00983,Customer_00983,Female,32,Madurai,Tamil Nadu,Medium Value
C00984,Customer_00984,Female,52,Cuttack,Odisha,Low Value
C00985,Customer_00985,Male,53,New Delhi,Delhi,High Value
C00986,Customer_00986,Female,45,Pune,Maharashtra,Medium Value
C00987,Customer_00987,Female,56,Raipur,Chhattisgarh,High Value
C00988,Customer_00988,Male,61,Jodhpur,Rajasthan,Low Value
C00989,Customer_00989,Female,21,Faridabad,Haryana,Low Value
C00990,Customer_00990,Female,27,Gurugram,Haryana,Low Value
C00991,Customer_00991,Female,23,Kanpur,Uttar Pradesh,Medium Value
C00992,Customer_00992,Female,47,Varanasi,Uttar Pradesh,High Value
C00993,Customer_00993,Male,63,Kochi,Kerala,Medium Value
C00994,Customer_00994,Female,52,Panaji,Goa,Medium Value
C00995,Customer_00995,Female,60,Kanpur,Uttar Pradesh,Low Value
C00996,Customer_00996,Male,27,Vadodara,Gujarat,Medium Value
C00997,Customer_00997,Female,49,Margao,Goa,Medium Value
C00998,Customer_00998,Male,59,Indore,Madhya Pradesh,Medium Value
C00999,Customer_00999,Other,59,Warangal,Telangana,Medium Value
C01000,Customer_01000,Female,20,Mangaluru,Karnataka,Medium Value
C01001,Customer_01001,Male,43,Durgapur,West Bengal,Medium Value
C01002,Customer_01002,Male,32,Guwahati,Assam,High Value
C01003,Customer_01003,Female,34,Bengaluru,Karnataka,Medium Value
C01004,Customer_01004,Male,44,Jamshedpur,Jharkhand,Low Value
C01005,Customer_01005,Male,35,Indore,Madhya Pradesh,Medium Value
C01006,Customer_01006,Male,36,Ludhiana,Punjab,Medium Value
C01007,Customer_01007,Male,29,Raipur,Chhattisgarh,High Value
C01008,Customer_01008,Male,41,Durgapur,West Bengal,Medium Value
C01009,Customer_01009,Male,22,Panaji,Goa,Low Value
C01010,Customer_01010,Male,41,Hyderabad,Telangana,Medium Value
C01011,Customer_01011,Female,44,Mumbai,Maharashtra,Medium Value
C01012,Customer_01012,Female,65,Ranchi,Jharkhand,Low Value
C01013,Customer_01013,Male,47,Bhopal,Madhya Pradesh,Low Value
C01014,Customer_01014,Male,32,Guwahati,Assam,Medium Value
C01015,Customer_01015,Female,64,Jamshedpur,Jharkhand,Medium Value
C01016,Customer_01016,Male,55,Kolkata,West Bengal,Medium Value
C01017,Customer_01017,Male,61,Jamshedpur,Jharkhand,Low Value
C01018,Customer_01018,Male,51,Panaji,Goa,Medium Value
C01019,Customer_01019,Female,44,Lucknow,Uttar Pradesh,Medium Value
C01020,Customer_01020,Female,37,Ranchi,Jharkhand,High Value
C01021,Customer_01021,Female,58,Margao,Goa,Medium Value
C01022,Customer_01022,Female,49,Jodhpur,Rajasthan,Low Value
C01023,Customer_01023,Female,21,Jamshedpur,Jharkhand,Low Value
C01024,Customer_01024,Male,22,Durgapur,West Bengal,High Value
C01025,Customer_01025,Female,25,Nagpur,Maharashtra,Medium Value
C01026,Customer_01026,Male,39,Gaya,Bihar,Medium Value
C01027,Customer_01027,Female,59,Raipur,Chhattisgarh,Low Value
C01028,Customer_01028,Female,24,Raipur,Chhattisgarh,Low Value
C01029,Customer_01029,Female,39,Jamshedpur,Jharkhand,Low Value
C01030,Customer_01030,Male,63,Gaya,Bihar,Low Value
C01031,Customer_01031,Male,47,Vijayawada,Andhra Pradesh,Medium Value
C01032,Customer_01032,Female,54,Jodhpur,Rajasthan,Low Value
C01033,Customer_01033,Female,33,Raipur,Chhattisgarh,Medium Value
C01034,Customer_01034,Female,32,Guwahati,Assam,Medium Value
C01035,Customer_01035,Male,22,Pune,Maharashtra,High Value
C01036,Customer_01036,Female,20,Bhubaneswar,Odisha,High Value
C01037,Customer_01037,Female,40,Raipur,Chhattisgarh,Low Value
C01038,Customer_01038,Female,27,Gurugram,Haryana,Medium Value
C01039,Customer_01039,Female,22,Guwahati,Assam,Low Value
C01040,Customer_01040,Female,40,Bengaluru,Karnataka,Medium Value
C01041,Customer_01041,Female,32,Ranchi,Jharkhand,Low Value
C01042,Customer_01042,Female,35,Guwahati,Assam,Medium Value
C01043,Customer_01043,Female,42,Hyderabad,Telangana,Medium Value
C01044,Customer_01044,Male,25,Raipur,Chhattisgarh,Medium Value
C01045,Customer_01045,Male,48,New Delhi,Delhi,Medium Value
C01046,Customer_01046,Female,38,Pune,Maharashtra,Low Value
C01047,Customer_01047,Female,19,Udaipur,Rajasthan,Medium Value
C01048,Customer_01048,Female,39,Durgapur,West Bengal,High Value
C01049,Customer_01049,Male,25,Ahmedabad,Gujarat,Low Value
C01050,Customer_01050,Male,40,Thiruvananthapuram,Kerala,High Value
C01051,Customer_01051,Female,49,Thiruvananthapuram,Kerala,Medium Value
C01052,Customer_01052,Female,25,Raipur,Chhattisgarh,Medium Value
C01053,Customer_01053,Male,21,Bhubaneswar,Odisha,High Value
C01054,Customer_01054,Male,47,Mysuru,Karnataka,Low Value
C01055,Customer_01055,Female,36,Thane,Maharashtra,Low Value
C01056,Customer_01056,Male,40,Guwahati,Assam,Low Value
C01057,Customer_01057,Female,35,Durgapur,West Bengal,High Value
C01058,Customer_01058,Male,46,Jaipur,Rajasthan,Medium Value
C01059,Customer_01059,Female,40,Mumbai,Maharashtra,Medium Value
C01060,Customer_01060,Female,50,Surat,Gujarat,Low Value
C01061,Customer_01061,Female,64,Jodhpur,Rajasthan,High Value
C01062,Customer_01062,Male,35,Faridabad,Haryana,Medium Value
C01063,Customer_01063,Female,61,Madurai,Tamil Nadu,Low Value
C01064,Customer_01064,Male,50,Vadodara,Gujarat,Low Value
C01065,Customer_01065,Male,24,Raipur,Chhattisgarh,Low Value
C01066,Customer_01066,Other,45,Pune,Maharashtra,Low Value
C01067,Customer_01067,Female,18,Faridabad,Haryana,Medium Value
C01068,Customer_01068,Female,56,Jodhpur,Rajasthan,Medium Value
C01069,Customer_01069,Male,51,Mangaluru,Karnataka,High Value
C01070,Customer_01070,Male,56,Surat,Gujarat,High Value
C01071,Customer_01071,Male,36,Bhubaneswar,Odisha,Medium Value
C01072,Customer_01072,Female,48,Cuttack,Odisha,High Value
C01073,Customer_01073,Female,30,Indore,Madhya Pradesh,Low Value
C01074,Customer_01074,Female,41,Vijayawada,Andhra Pradesh,High Value
C01075,Customer_01075,Female,22,Delhi,Delhi,Medium Value
C01076,Customer_01076,Male,40,Panaji,Goa,Low Value
C01077,Customer_01077,Male,36,Coimbatore,Tamil Nadu,Medium Value
C01078,Customer_01078,Male,18,Cuttack,Odisha,Low Value
C01079,Customer_01079,Male,50,Visakhapatnam,Andhra Pradesh,Low Value
C01080,Customer_01080,Male,50,Guwahati,Assam,Low Value
C01081,Customer_01081,Female,49,Durgapur,West Bengal,Medium Value
C01082,Customer_01082,Male,45,Kozhikode,Kerala,Low Value
C01083,Customer_01083,Female,54,Durgapur,West Bengal,High Value
C01084,Customer_01084,Male,58,Nagpur,Maharashtra,Low Value
C01085,Customer_01085,Other,29,Raipur,Chhattisgarh,High Value
C01086,Customer_01086,Female,26,Vijayawada,Andhra Pradesh,High Value
C01087,Customer_01087,Female,28,Raipur,Chhattisgarh,Low Value
C01088,Customer_01088,Male,50,Delhi,Delhi,Medium Value
C01089,Customer_01089,Female,36,Guwahati,Assam,Low Value
C01090,Customer_01090,Female,59,Mysuru,Karnataka,Medium Value
C01091,Customer_01091,Male,51,Nagpur,Maharashtra,Low Value
C01092,Customer_01092,Male,24,Gurugram,Haryana,Low Value
C01093,Customer_01093,Male,48,Chennai,Tamil Nadu,Medium Value
C01094,Customer_01094,Female,19,Panaji,Goa,Medium Value
C01095,Customer_01095,Female,36,Indore,Madhya Pradesh,Medium Value
C01096,Customer_01096,Female,55,Kochi,Kerala,Low Value
C01097,Customer_01097,Male,49,Mangaluru,Karnataka,Medium Value
C01098,Customer_01098,Male,27,Surat,Gujarat,Medium Value
C01099,Customer_01099,Female,58,Amritsar,Punjab,Medium Value
C01100,Customer_01100,Male,25,Panaji,Goa,Medium Value
C01101,Customer_01101,Female,43,Madurai,Tamil Nadu,High Value
C01102,Customer_01102,Female,47,Madurai,Tamil Nadu,Medium Value
C01103,Customer_01103,Male,28,Warangal,Telangana,Low Value
C01104,Customer_01104,Female,58,Lucknow,Uttar Pradesh,Medium Value
C01105,Customer_01105,Male,37,Mangaluru,Karnataka,Medium Value
C01106,Customer_01106,Female,37,Ludhiana,Punjab,Medium Value
C01107,Customer_01107,Male,26,Ahmedabad,Gujarat,Medium Value
C01108,Customer_01108,Female,25,Panaji,Goa,Low Value
C01109,Customer_01109,Male,32,Amritsar,Punjab,Medium Value
C01110,Customer_01110,Male,51,Jamshedpur,Jharkhand,High Value
C01111,Customer_01111,Female,41,Kozhikode,Kerala,High Value
C01112,Customer_01112,Male,50,Cuttack,Odisha,Low Value
C01113,Customer_01113,Female,58,Ranchi,Jharkhand,Low Value
C01114,Customer_01114,Male,58,Guwahati,Assam,Medium Value
C01115,Customer_01115,Female,62,Raipur,Chhattisgarh,High Value
C01116,Customer_01116,Male,57,Ranchi,Jharkhand,Medium Value
C01117,Customer_01117,Female,44,Bhubaneswar,Odisha,Low Value
C01118,Customer_01118,Male,38,Noida,Uttar Pradesh,Medium Value
C01119,Customer_01119,Male,22,Udaipur,Rajasthan,Low Value
C01120,Customer_01120,Male,52,Bengaluru,Karnataka,Low Value
C01121,Customer_01121,Female,38,Patna,Bihar,Low Value
C01122,Customer_01122,Male,21,Durgapur,West Bengal,Medium Value
C01123,Customer_01123,Female,65,Noida,Uttar Pradesh,Medium Value
C01124,Customer_01124,Female,33,Bhopal,Madhya Pradesh,Low Value
C01125,Customer_01125,Male,48,Bhubaneswar,Odisha,Medium Value
C01126,Customer_01126,Female,43,New Delhi,Delhi,Medium Value
C01127,Customer_01127,Male,52,Patna,Bihar,High Value
C01128,Customer_01128,Male,23,Mangaluru,Karnataka,Medium Value
C01129,Customer_01129,Female,50,Chennai,Tamil Nadu,Medium Value
C01130,Customer_01130,Female,38,Indore,Madhya Pradesh,Medium Value
C01131,Customer_01131,Female,33,Warangal,Telangana,High Value
C01132,Customer_01132,Male,64,Guwahati,Assam,Medium Value
C01133,Customer_01133,Male,56,Kochi,Kerala,High Value
C01134,Customer_01134,Male,51,Delhi,Delhi,Low Value
C01135,Customer_01135,Female,59,Varanasi,Uttar Pradesh,Medium Value
C01136,Customer_01136,Female,32,Hyderabad,Telangana,Low Value
C01137,Customer_01137,Female,23,Mangaluru,Karnataka,Low Value
C01138,Customer_01138,Male,19,Jamshedpur,Jharkhand,Low Value
C01139,Customer_01139,Male,41,Madurai,Tamil Nadu,Low Value
C01140,Customer_01140,Male,45,Warangal,Telangana,Medium Value
C01141,Customer_01141,Male,18,Amritsar,Punjab,High Value
C01142,Customer_01142,Male,18,Kozhikode,Kerala,Low Value
C01143,Customer_01143,Female,45,Warangal,Telangana,Medium Value
C01144,Customer_01144,Female,53,Jaipur,Rajasthan,Medium Value
C01145,Customer_01145,Female,37,Bengaluru,Karnataka,Medium Value
C01146,Customer_01146,Male,65,Ludhiana,Punjab,Low Value
C01147,Customer_01147,Male,25,Patna,Bihar,Medium Value
C01148,Customer_01148,Female,18,Kolkata,West Bengal,Medium Value
C01149,Customer_01149,Male,43,Kozhikode,Kerala,Low Value
C01150,Customer_01150,Female,60,Gaya,Bihar,Low Value
C01151,Customer_01151,Male,42,Jamshedpur,Jharkhand,High Value
C01152,Customer_01152,Male,27,Cuttack,Odisha,Low Value
C01153,Customer_01153,Female,29,Mysuru,Karnataka,Medium Value
C01154,Customer_01154,Male,58,Bhopal,Madhya Pradesh,Low Value
C01155,Customer_01155,Female,24,Nagpur,Maharashtra,Medium Value
C01156,Customer_01156,Female,29,Raipur,Chhattisgarh,Medium Value
C01157,Customer_01157,Male,64,New Delhi,Delhi,Low Value
C01158,Customer_01158,Male,57,Raipur,Chhattisgarh,Medium Value
C01159,Customer_01159,Female,34,Bhopal,Madhya Pradesh,High Value
C01160,Customer_01160,Female,22,Jodhpur,Rajasthan,Low Value
C01161,Customer_01161,Male,31,Bhopal,Madhya Pradesh,Medium Value
C01162,Customer_01162,Female,51,New Delhi,Delhi,Low Value
C01163,Customer_01163,Male,65,Ranchi,Jharkhand,Medium Value
C01164,Customer_01164,Male,34,Durgapur,West Bengal,High Value
C01165,Customer_01165,Male,52,Jodhpur,Rajasthan,Low Value
C01166,Customer_01166,Male,18,Ahmedabad,Gujarat,Medium Value
C01167,Customer_01167,Male,53,Bengaluru,Karnataka,High Value
C01168,Customer_01168,Other,32,Faridabad,Haryana,Medium Value
C01169,Customer_01169,Male,36,Chennai,Tamil Nadu,Low Value
C01170,Customer_01170,Male,59,Nashik,Maharashtra,Medium Value
C01171,Customer_01171,Male,22,New Delhi,Delhi,Medium Value
C01172,Customer_01172,Female,36,Gurugram,Haryana,Medium Value
C01173,Customer_01173,Female,60,Panaji,Goa,High Value
C01174,Customer_01174,Male,56,Raipur,Chhattisgarh,High Value
C01175,Customer_01175,Male,22,Surat,Gujarat,Low Value
C01176,Customer_01176,Male,29,Margao,Goa,Low Value
C01177,Customer_01177,Male,36,Indore,Madhya Pradesh,High Value
C01178,Customer_01178,Male,64,Jamshedpur,Jharkhand,Medium Value
C01179,Customer_01179,Male,29,Gaya,Bihar,Low Value
C01180,Customer_01180,Male,53,Indore,Madhya Pradesh,High Value
C01181,Customer_01181,Female,29,Bengaluru,Karnataka,High Value
C01182,Customer_01182,Male,35,Kanpur,Uttar Pradesh,Low Value
C01183,Customer_01183,Female,65,Mysuru,Karnataka,Low Value
C01184,Customer_01184,Female,60,Kanpur,Uttar Pradesh,High Value
C01185,Customer_01185,Female,51,Noida,Uttar Pradesh,Medium Value
C01186,Customer_01186,Male,65,Jaipur,Rajasthan,High Value
C01187,Customer_01187,Male,50,Ranchi,Jharkhand,Medium Value
C01188,Customer_01188,Male,35,Thane,Maharashtra,Low Value
C01189,Customer_01189,Female,46,Indore,Madhya Pradesh,Medium Value
C01190,Customer_01190,Male,62,Udaipur,Rajasthan,Medium Value
C01191,Customer_01191,Female,22,Thiruvananthapuram,Kerala,Medium Value
C01192,Customer_01192,Female,42,Durgapur,West Bengal,High Value
C01193,Customer_01193,Male,41,Vadodara,Gujarat,High Value
C01194,Customer_01194,Female,46,Surat,Gujarat,Low Value
C01195,Customer_01195,Male,55,Guwahati,Assam,Medium Value
C01196,Customer_01196,Male,50,Coimbatore,Tamil Nadu,Medium Value
C01197,Customer_01197,Male,27,Ludhiana,Punjab,Medium Value
C01198,Customer_01198,Male,54,Ludhiana,Punjab,Low Value
C01199,Customer_01199,Female,50,Raipur,Chhattisgarh,Medium Value
C01200,Customer_01200,Male,40,Warangal,Telangana,Medium Value
C01201,Customer_01201,Male,28,Bengaluru,Karnataka,Medium Value
C01202,Customer_01202,Female,41,Amritsar,Punjab,Medium Value
C01203,Customer_01203,Female,41,Raipur,Chhattisgarh,Low Value
C01204,Customer_01204,Male,24,Coimbatore,Tamil Nadu,Medium Value
C01205,Customer_01205,Female,38,Ludhiana,Punjab,Low Value
C01206,Customer_01206,Female,37,Jamshedpur,Jharkhand,Low Value
C01207,Customer_01207,Male,27,Ranchi,Jharkhand,Low Value
C01208,Customer_01208,Male,42,Kochi,Kerala,Medium Value
C01209,Customer_01209,Male,64,Ranchi,Jharkhand,High Value
C01210,Customer_01210,Female,53,Faridabad,Haryana,Medium Value
C01211,Customer_01211,Female,65,Ludhiana,Punjab,High Value
C01212,Customer_01212,Female,64,Visakhapatnam,Andhra Pradesh,Low Value
C01213,Customer_01213,Female,32,Raipur,Chhattisgarh,Low Value
C01214,Customer_01214,Male,61,Udaipur,Rajasthan,Low Value
C01215,Customer_01215,Male,57,Jamshedpur,Jharkhand,Medium Value
C01216,Customer_01216,Male,57,Chennai,Tamil Nadu,High Value
C01217,Customer_01217,Female,23,Visakhapatnam,Andhra Pradesh,Medium Value
C01218,Customer_01218,Female,54,Hyderabad,Telangana,Low Value
C01219,Customer_01219,Male,19,Udaipur,Rajasthan,Medium Value
C01220,Customer_01220,Female,29,Guwahati,Assam,High Value
C01221,Customer_01221,Male,21,Ludhiana,Punjab,Medium Value
C01222,Customer_01222,Male,40,Faridabad,Haryana,Low Value
C01223,Customer_01223,Male,30,Varanasi,Uttar Pradesh,Low Value
C01224,Customer_01224,Male,34,Patna,Bihar,Low Value
C01225,Customer_01225,Male,48,Gurugram,Haryana,Low Value
C01226,Customer_01226,Male,33,Thiruvananthapuram,Kerala,Medium Value
C01227,Customer_01227,Male,58,Vijayawada,Andhra Pradesh,High Value
C01228,Customer_01228,Male,43,Durgapur,West Bengal,Medium Value
C01229,Customer_01229,Female,45,Ranchi,Jharkhand,Medium Value
C01230,Customer_01230,Male,18,Kolkata,West Bengal,Low Value
C01231,Customer_01231,Female,64,Bhubaneswar,Odisha,Medium Value
C01232,Customer_01232,Male,29,Gurugram,Haryana,High Value
C01233,Customer_01233,Male,54,Kolkata,West Bengal,Medium Value
C01234,Customer_01234,Male,37,Varanasi,Uttar Pradesh,High Value
C01235,Customer_01235,Male,19,Raipur,Chhattisgarh,Medium Value
C01236,Customer_01236,Female,53,Vijayawada,Andhra Pradesh,Medium Value
C01237,Customer_01237,Male,32,Jodhpur,Rajasthan,Medium Value
C01238,Customer_01238,Female,55,Guwahati,Assam,Medium Value
C01239,Customer_01239,Female,39,Guwahati,Assam,Medium Value
C01240,Customer_01240,Female,61,Panaji,Goa,Medium Value
C01241,Customer_01241,Female,49,Kolkata,West Bengal,Medium Value
C01242,Customer_01242,Female,37,Ahmedabad,Gujarat,Low Value
C01243,Customer_01243,Male,53,Guwahati,Assam,High Value
C01244,Customer_01244,Female,50,Kochi,Kerala,High Value
C01245,Customer_01245,Male,32,Durgapur,West Bengal,Medium Value
C01246,Customer_01246,Male,63,Ranchi,Jharkhand,High Value
C01247,Customer_01247,Male,20,Cuttack,Odisha,Medium Value
C01248,Customer_01248,Female,46,Ahmedabad,Gujarat,Low Value
C01249,Customer_01249,Female,64,Ludhiana,Punjab,Low Value
C01250,Customer_01250,Male,44,Gaya,Bihar,Medium Value
C01251,Customer_01251,Female,22,Mysuru,Karnataka,Medium Value
C01252,Customer_01252,Male,48,Surat,Gujarat,High Value
C01253,Customer_01253,Male,39,Coimbatore,Tamil Nadu,Medium Value
C01254,Customer_01254,Male,52,Bhopal,Madhya Pradesh,Medium Value
C01255,Customer_01255,Male,24,Jodhpur,Rajasthan,Low Value
C01256,Customer_01256,Male,23,Ludhiana,Punjab,Medium Value
C01257,Customer_01257,Female,43,Durgapur,West Bengal,Medium Value
C01258,Customer_01258,Female,18,Gurugram,Haryana,Low Value
C01259,Customer_01259,Male,36,Jamshedpur,Jharkhand,Low Value
C01260,Customer_01260,Female,24,New Delhi,Delhi,Low Value
C01261,Customer_01261,Female,53,Gaya,Bihar,Medium Value
C01262,Customer_01262,Female,29,Guwahati,Assam,Medium Value
C01263,Customer_01263,Female,37,Mumbai,Maharashtra,Low Value
C01264,Customer_01264,Male,40,Visakhapatnam,Andhra Pradesh,Medium Value
C01265,Customer_01265,Female,42,Patna,Bihar,High Value
C01266,Customer_01266,Female,47,Kochi,Kerala,Low Value
C01267,Customer_01267,Male,46,Amritsar,Punjab,Medium Value
C01268,Customer_01268,Male,48,Bengaluru,Karnataka,Low Value
C01269,Customer_01269,Female,35,Surat,Gujarat,Low Value
C01270,Customer_01270,Male,58,Kozhikode,Kerala,Low Value
C01271,Customer_01271,Other,36,Mangaluru,Karnataka,High Value
C01272,Customer_01272,Male,21,Patna,Bihar,Low Value
C01273,Customer_01273,Female,18,Gaya,Bihar,Low Value
C01274,Customer_01274,Male,58,Guwahati,Assam,Low Value
C01275,Customer_01275,Female,32,Ahmedabad,Gujarat,Medium Value
C01276,Customer_01276,Female,25,Durgapur,West Bengal,High Value
C01277,Customer_01277,Male,32,Cuttack,Odisha,Low Value
C01278,Customer_01278,Female,32,Panaji,Goa,Medium Value
C01279,Customer_01279,Male,56,Ranchi,Jharkhand,Medium Value
C01280,Customer_01280,Male,39,Amritsar,Punjab,Medium Value
C01281,Customer_01281,Male,35,Vijayawada,Andhra Pradesh,Medium Value
C01282,Customer_01282,Female,33,Amritsar,Punjab,Low Value
C01283,Customer_01283,Male,19,Faridabad,Haryana,Medium Value
C01284,Customer_01284,Male,53,Thiruvananthapuram,Kerala,Low Value
C01285,Customer_01285,Male,37,Kolkata,West Bengal,High Value
C01286,Customer_01286,Female,33,Margao,Goa,Medium Value
C01287,Customer_01287,Female,20,Coimbatore,Tamil Nadu,Medium Value
C01288,Customer_01288,Male,47,Mumbai,Maharashtra,Low Value
C01289,Customer_01289,Male,19,Ranchi,Jharkhand,Medium Value
C01290,Customer_01290,Female,52,Surat,Gujarat,Medium Value
C01291,Customer_01291,Male,43,Gaya,Bihar,Low Value
C01292,Customer_01292,Female,22,Bhubaneswar,Odisha,Low Value
C01293,Customer_01293,Female,19,Guwahati,Assam,Medium Value
C01294,Customer_01294,Female,37,New Delhi,Delhi,Medium Value
C01295,Customer_01295,Male,51,Guwahati,Assam,Medium Value
C01296,Customer_01296,Female,51,Chennai,Tamil Nadu,Medium Value
C01297,Customer_01297,Female,37,Visakhapatnam,Andhra Pradesh,High Value
C01298,Customer_01298,Female,42,Thane,Maharashtra,Low Value
C01299,Customer_01299,Male,37,Cuttack,Odisha,Low Value
C01300,Customer_01300,Male,42,Gurugram,Haryana,Medium Value
C01301,Customer_01301,Male,31,Noida,Uttar Pradesh,Medium Value
C01302,Customer_01302,Female,64,Faridabad,Haryana,Low Value
C01303,Customer_01303,Female,61,Ranchi,Jharkhand,Medium Value
C01304,Customer_01304,Male,60,Delhi,Delhi,Low Value
C01305,Customer_01305,Male,60,Ludhiana,Punjab,High Value
C01306,Customer_01306,Male,56,Coimbatore,Tamil Nadu,Medium Value
C01307,Customer_01307,Female,29,Coimbatore,Tamil Nadu,Low Value
C01308,Customer_01308,Female,65,Bhopal,Madhya Pradesh,Medium Value
C01309,Customer_01309,Male,22,Warangal,Telangana,Medium Value
C01310,Customer_01310,Male,19,Durgapur,West Bengal,Low Value
C01311,Customer_01311,Male,33,Bhubaneswar,Odisha,Low Value
C01312,Customer_01312,Female,47,Indore,Madhya Pradesh,Low Value
C01313,Customer_01313,Female,64,Gaya,Bihar,Medium Value
C01314,Customer_01314,Female,60,Mysuru,Karnataka,Medium Value
C01315,Customer_01315,Male,55,Durgapur,West Bengal,Low Value
C01316,Customer_01316,Female,62,Panaji,Goa,Low Value
C01317,Customer_01317,Male,59,Delhi,Delhi,Low Value
C01318,Customer_01318,Female,41,Udaipur,Rajasthan,Low Value
C01319,Customer_01319,Male,47,Margao,Goa,High Value
C01320,Customer_01320,Female,54,Raipur,Chhattisgarh,Low Value
C01321,Customer_01321,Female,56,Gaya,Bihar,Low Value
C01322,Customer_01322,Female,28,Bhubaneswar,Odisha,Low Value
C01323,Customer_01323,Female,31,Thiruvananthapuram,Kerala,Medium Value
C01324,Customer_01324,Male,40,Indore,Madhya Pradesh,Low Value
C01325,Customer_01325,Male,33,Mysuru,Karnataka,High Value
C01326,Customer_01326,Female,38,Noida,Uttar Pradesh,Medium Value
C01327,Customer_01327,Male,21,Ranchi,Jharkhand,Low Value
C01328,Customer_01328,Male,50,Ahmedabad,Gujarat,Low Value
C01329,Customer_01329,Male,64,Warangal,Telangana,Medium Value
C01330,Customer_01330,Female,31,Coimbatore,Tamil Nadu,Low Value
C01331,Customer_01331,Male,36,Chennai,Tamil Nadu,Medium Value
C01332,Customer_01332,Male,22,Gurugram,Haryana,High Value
C01333,Customer_01333,Male,53,Ranchi,Jharkhand,High Value
C01334,Customer_01334,Male,48,Varanasi,Uttar Pradesh,Low Value
C01335,Customer_01335,Female,62,Surat,Gujarat,Medium Value
C01336,Customer_01336,Other,35,Panaji,Goa,High Value
C01337,Customer_01337,Female,61,Jamshedpur,Jharkhand,Low Value
C01338,Customer_01338,Male,48,Kozhikode,Kerala,Medium Value
C01339,Customer_01339,Female,47,Surat,Gujarat,Low Value
C01340,Customer_01340,Female,38,Guwahati,Assam,Low Value
C01341,Customer_01341,Male,64,Guwahati,Assam,Low Value
C01342,Customer_01342,Female,47,Jamshedpur,Jharkhand,Medium Value
C01343,Customer_01343,Female,58,Vadodara,Gujarat,Medium Value
C01344,Customer_01344,Female,21,Surat,Gujarat,Low Value
C01345,Customer_01345,Female,22,Warangal,Telangana,Medium Value
C01346,Customer_01346,Male,58,Patna,Bihar,High Value
C01347,Customer_01347,Male,62,Faridabad,Haryana,Medium Value
C01348,Customer_01348,Female,27,Lucknow,Uttar Pradesh,High Value
C01349,Customer_01349,Male,44,New Delhi,Delhi,Low Value
C01350,Customer_01350,Male,33,Cuttack,Odisha,Low Value
C01351,Customer_01351,Female,47,Madurai,Tamil Nadu,High Value
C01352,Customer_01352,Female,30,Mangaluru,Karnataka,Medium Value
C01353,Customer_01353,Male,53,Indore,Madhya Pradesh,Low Value
C01354,Customer_01354,Female,38,Kanpur,Uttar Pradesh,Medium Value
C01355,Customer_01355,Female,62,Vadodara,Gujarat,Low Value
C01356,Customer_01356,Female,57,Lucknow,Uttar Pradesh,Medium Value
C01357,Customer_01357,Male,62,Vadodara,Gujarat,Low Value
C01358,Customer_01358,Male,32,Mangaluru,Karnataka,Low Value
C01359,Customer_01359,Male,37,Amritsar,Punjab,High Value
C01360,Customer_01360,Male,37,Thiruvananthapuram,Kerala,Medium Value
C01361,Customer_01361,Male,62,Lucknow,Uttar Pradesh,Medium Value
C01362,Customer_01362,Male,22,Faridabad,Haryana,Low Value
C01363,Customer_01363,Male,49,Jodhpur,Rajasthan,High Value
C01364,Customer_01364,Female,23,Coimbatore,Tamil Nadu,Medium Value
C01365,Customer_01365,Male,47,Indore,Madhya Pradesh,Medium Value
C01366,Customer_01366,Female,43,Mangaluru,Karnataka,Low Value
C01367,Customer_01367,Female,54,Gurugram,Haryana,Low Value
C01368,Customer_01368,Male,30,Warangal,Telangana,Medium Value
C01369,Customer_01369,Female,46,Udaipur,Rajasthan,High Value
C01370,Customer_01370,Female,22,Chennai,Tamil Nadu,High Value
C01371,Customer_01371,Male,42,Visakhapatnam,Andhra Pradesh,Medium Value
C01372,Customer_01372,Female,30,Guwahati,Assam,Medium Value
C01373,Customer_01373,Male,41,Warangal,Telangana,Medium Value
C01374,Customer_01374,Female,48,Coimbatore,Tamil Nadu,Low Value
C01375,Customer_01375,Male,37,Visakhapatnam,Andhra Pradesh,Medium Value
C01376,Customer_01376,Female,25,Gaya,Bihar,Low Value
C01377,Customer_01377,Male,26,Chennai,Tamil Nadu,High Value
C01378,Customer_01378,Female,38,Gaya,Bihar,High Value
C01379,Customer_01379,Male,37,Jamshedpur,Jharkhand,Medium Value
C01380,Customer_01380,Female,32,Guwahati,Assam,Low Value
C01381,Customer_01381,Female,43,Jodhpur,Rajasthan,Medium Value
C01382,Customer_01382,Male,59,Patna,Bihar,Low Value
C01383,Customer_01383,Female,28,Raipur,Chhattisgarh,Medium Value
C01384,Customer_01384,Male,54,Vadodara,Gujarat,Medium Value
C01385,Customer_01385,Female,58,Udaipur,Rajasthan,Low Value
C01386,Customer_01386,Female,28,Mysuru,Karnataka,Medium Value
C01387,Customer_01387,Female,44,Jodhpur,Rajasthan,Medium Value
C01388,Customer_01388,Female,47,Gaya,Bihar,High Value
C01389,Customer_01389,Male,36,Patna,Bihar,Low Value
C01390,Customer_01390,Male,51,Nagpur,Maharashtra,Low Value
C01391,Customer_01391,Male,55,Hyderabad,Telangana,High Value
C01392,Customer_01392,Female,40,Raipur,Chhattisgarh,Medium Value
C01393,Customer_01393,Male,18,Vijayawada,Andhra Pradesh,Low Value
C01394,Customer_01394,Female,20,Udaipur,Rajasthan,Low Value
C01395,Customer_01395,Female,20,Nagpur,Maharashtra,Medium Value
C01396,Customer_01396,Male,45,Vijayawada,Andhra Pradesh,Low Value
C01397,Customer_01397,Female,31,Lucknow,Uttar Pradesh,Medium Value
C01398,Customer_01398,Male,47,Patna,Bihar,High Value
C01399,Customer_01399,Male,22,Bhopal,Madhya Pradesh,High Value
C01400,Customer_01400,Female,32,Patna,Bihar,Medium Value
C01401,Customer_01401,Male,55,Kochi,Kerala,Medium Value
C01402,Customer_01402,Male,31,Delhi,Delhi,Low Value
C01403,Customer_01403,Female,31,Hyderabad,Telangana,Medium Value
C01404,Customer_01404,Male,25,Kolkata,West Bengal,Medium Value
C01405,Customer_01405,Female,25,Madurai,Tamil Nadu,High Value
C01406,Customer_01406,Female,36,Indore,Madhya Pradesh,Low Value
C01407,Customer_01407,Male,49,Patna,Bihar,Low Value
C01408,Customer_01408,Male,48,Raipur,Chhattisgarh,Medium Value
C01409,Customer_01409,Female,46,Kochi,Kerala,Medium Value
C01410,Customer_01410,Male,58,Kochi,Kerala,High Value
C01411,Customer_01411,Male,28,Bhopal,Madhya Pradesh,Medium Value
C01412,Customer_01412,Female,62,Durgapur,West Bengal,High Value
C01413,Customer_01413,Male,30,Guwahati,Assam,Medium Value
C01414,Customer_01414,Female,44,New Delhi,Delhi,Low Value
C01415,Customer_01415,Male,36,Bengaluru,Karnataka,Medium Value
C01416,Customer_01416,Male,43,Cuttack,Odisha,Medium Value
C01417,Customer_01417,Male,54,Gaya,Bihar,Medium Value
C01418,Customer_01418,Female,65,Amritsar,Punjab,Medium Value
C01419,Customer_01419,Female,26,Durgapur,West Bengal,Medium Value
C01420,Customer_01420,Female,45,Bengaluru,Karnataka,High Value
C01421,Customer_01421,Male,49,Gaya,Bihar,Low Value
C01422,Customer_01422,Male,20,Cuttack,Odisha,Medium Value
C01423,Customer_01423,Male,49,Jamshedpur,Jharkhand,High Value
C01424,Customer_01424,Male,22,Noida,Uttar Pradesh,High Value
C01425,Customer_01425,Female,25,Ranchi,Jharkhand,Low Value
C01426,Customer_01426,Female,31,Jaipur,Rajasthan,Medium Value
C01427,Customer_01427,Male,20,Mangaluru,Karnataka,Low Value
C01428,Customer_01428,Female,41,Patna,Bihar,Medium Value
C01429,Customer_01429,Male,30,Vadodara,Gujarat,Medium Value
C01430,Customer_01430,Female,60,Vijayawada,Andhra Pradesh,Low Value
C01431,Customer_01431,Male,46,Hyderabad,Telangana,High Value
C01432,Customer_01432,Male,25,Raipur,Chhattisgarh,Medium Value
C01433,Customer_01433,Male,59,Kolkata,West Bengal,Medium Value
C01434,Customer_01434,Male,48,Kozhikode,Kerala,Low Value
C01435,Customer_01435,Female,43,Kanpur,Uttar Pradesh,Medium Value
C01436,Customer_01436,Male,35,Mysuru,Karnataka,Medium Value
C01437,Customer_01437,Male,35,Gurugram,Haryana,Medium Value
C01438,Customer_01438,Female,24,Coimbatore,Tamil Nadu,Medium Value
C01439,Customer_01439,Female,65,Delhi,Delhi,High Value
C01440,Customer_01440,Female,55,Margao,Goa,Medium Value
C01441,Customer_01441,Male,65,New Delhi,Delhi,Medium Value
C01442,Customer_01442,Female,33,Guwahati,Assam,Medium Value
C01443,Customer_01443,Female,50,Delhi,Delhi,Medium Value
C01444,Customer_01444,Male,20,Ranchi,Jharkhand,Medium Value
C01445,Customer_01445,Male,55,Amritsar,Punjab,Low Value
C01446,Customer_01446,Male,21,Jamshedpur,Jharkhand,Low Value
C01447,Customer_01447,Male,53,Thiruvananthapuram,Kerala,Low Value
C01448,Customer_01448,Male,21,Thane,Maharashtra,Medium Value
C01449,Customer_01449,Male,59,Guwahati,Assam,Low Value
C01450,Customer_01450,Female,26,Guwahati,Assam,Low Value
C01451,Customer_01451,Female,57,Bhubaneswar,Odisha,Medium Value
C01452,Customer_01452,Female,34,Gurugram,Haryana,Medium Value
C01453,Customer_01453,Female,34,Amritsar,Punjab,High Value
C01454,Customer_01454,Male,50,Delhi,Delhi,Low Value
C01455,Customer_01455,Female,37,Surat,Gujarat,Medium Value
C01456,Customer_01456,Female,31,Margao,Goa,High Value
C01457,Customer_01457,Male,39,Ludhiana,Punjab,Medium Value
C01458,Customer_01458,Female,44,Durgapur,West Bengal,Low Value
C01459,Customer_01459,Female,60,Indore,Madhya Pradesh,Medium Value
C01460,Customer_01460,Female,20,Thane,Maharashtra,Low Value
C01461,Customer_01461,Female,41,Warangal,Telangana,Low Value
C01462,Customer_01462,Male,47,Faridabad,Haryana,Medium Value
C01463,Customer_01463,Male,25,Gurugram,Haryana,Medium Value
C01464,Customer_01464,Male,39,Raipur,Chhattisgarh,Medium Value
C01465,Customer_01465,Female,42,Bhopal,Madhya Pradesh,Low Value
C01466,Customer_01466,Female,27,Mysuru,Karnataka,Low Value
C01467,Customer_01467,Other,46,Bhubaneswar,Odisha,Low Value
C01468,Customer_01468,Male,57,Bengaluru,Karnataka,Medium Value
C01469,Customer_01469,Male,18,New Delhi,Delhi,Medium Value
C01470,Customer_01470,Female,38,Ranchi,Jharkhand,High Value
C01471,Customer_01471,Female,56,Surat,Gujarat,Medium Value
C01472,Customer_01472,Male,41,Patna,Bihar,Low Value
C01473,Customer_01473,Female,26,Noida,Uttar Pradesh,Medium Value
C01474,Customer_01474,Female,61,Kolkata,West Bengal,High Value
C01475,Customer_01475,Female,43,Faridabad,Haryana,High Value
C01476,Customer_01476,Female,26,Indore,Madhya Pradesh,Medium Value
C01477,Customer_01477,Male,37,Margao,Goa,High Value
C01478,Customer_01478,Female,52,Bengaluru,Karnataka,Medium Value
C01479,Customer_01479,Female,53,Gurugram,Haryana,Low Value
C01480,Customer_01480,Male,59,Cuttack,Odisha,Medium Value
C01481,Customer_01481,Male,53,Panaji,Goa,Medium Value
C01482,Customer_01482,Female,26,Indore,Madhya Pradesh,Medium Value
C01483,Customer_01483,Male,39,Vadodara,Gujarat,Low Value
C01484,Customer_01484,Male,18,Ranchi,Jharkhand,High Value
C01485,Customer_01485,Female,22,Ludhiana,Punjab,Low Value
C01486,Customer_01486,Male,26,Gurugram,Haryana,Medium Value
C01487,Customer_01487,Female,54,Vijayawada,Andhra Pradesh,Medium Value
C01488,Customer_01488,Male,55,Madurai,Tamil Nadu,High Value
C01489,Customer_01489,Female,36,Margao,Goa,High Value
C01490,Customer_01490,Male,25,Hyderabad,Telangana,Low Value
C01491,Customer_01491,Male,59,Raipur,Chhattisgarh,Medium Value
C01492,Customer_01492,Male,60,Madurai,Tamil Nadu,Medium Value
C01493,Customer_01493,Female,49,Surat,Gujarat,Medium Value
C01494,Customer_01494,Female,30,Thane,Maharashtra,Low Value
C01495,Customer_01495,Male,37,Warangal,Telangana,Low Value
C01496,Customer_01496,Female,53,Gurugram,Haryana,Medium Value
C01497,Customer_01497,Female,60,Mangaluru,Karnataka,Medium Value
C01498,Customer_01498,Female,61,Vadodara,Gujarat,Low Value
C01499,Customer_01499,Male,54,Ranchi,Jharkhand,Low Value
C01500,Customer_01500,Female,47,Ludhiana,Punjab,Medium Value
C01501,Customer_01501,Male,27,Guwahati,Assam,High Value
C01502,Customer_01502,Male,48,Faridabad,Haryana,Low Value
C01503,Customer_01503,Female,42,Ludhiana,Punjab,High Value
C01504,Customer_01504,Female,46,Visakhapatnam,Andhra Pradesh,High Value
C01505,Customer_01505,Male,41,Jaipur,Rajasthan,Low Value
C01506,Customer_01506,Male,56,Bhubaneswar,Odisha,Medium Value
C01507,Customer_01507,Female,38,Ranchi,Jharkhand,Low Value
C01508,Customer_01508,Female,58,Jodhpur,Rajasthan,Medium Value
C01509,Customer_01509,Male,26,Faridabad,Haryana,Low Value
C01510,Customer_01510,Female,59,Cuttack,Odisha,Medium Value
C01511,Customer_01511,Male,59,Guwahati,Assam,Low Value
C01512,Customer_01512,Male,19,Panaji,Goa,Medium Value
C01513,Customer_01513,Female,21,Durgapur,West Bengal,High Value
C01514,Customer_01514,Male,25,Vadodara,Gujarat,Medium Value
C01515,Customer_01515,Male,49,Ludhiana,Punjab,Low Value
C01516,Customer_01516,Female,31,Ahmedabad,Gujarat,High Value
C01517,Customer_01517,Female,30,Panaji,Goa,Medium Value
C01518,Customer_01518,Male,38,Bhubaneswar,Odisha,Medium Value
C01519,Customer_01519,Female,41,Faridabad,Haryana,High Value
C01520,Customer_01520,Female,35,Cuttack,Odisha,Medium Value
C01521,Customer_01521,Male,62,Durgapur,West Bengal,Low Value
C01522,Customer_01522,Female,57,Jamshedpur,Jharkhand,Medium Value
C01523,Customer_01523,Male,43,Ludhiana,Punjab,Medium Value
C01524,Customer_01524,Male,49,Margao,Goa,Low Value
C01525,Customer_01525,Female,61,New Delhi,Delhi,Low Value
C01526,Customer_01526,Female,50,Kanpur,Uttar Pradesh,Low Value
C01527,Customer_01527,Male,48,Warangal,Telangana,High Value
C01528,Customer_01528,Male,35,Vijayawada,Andhra Pradesh,Medium Value
C01529,Customer_01529,Male,52,Bengaluru,Karnataka,Medium Value
C01530,Customer_01530,Male,29,Udaipur,Rajasthan,Medium Value
C01531,Customer_01531,Male,42,Bhopal,Madhya Pradesh,Low Value
C01532,Customer_01532,Male,62,Patna,Bihar,Medium Value
C01533,Customer_01533,Female,48,Ranchi,Jharkhand,High Value
C01534,Customer_01534,Male,27,Udaipur,Rajasthan,Low Value
C01535,Customer_01535,Male,64,Guwahati,Assam,Medium Value
C01536,Customer_01536,Female,51,Guwahati,Assam,Low Value
C01537,Customer_01537,Female,20,Bhubaneswar,Odisha,Medium Value
C01538,Customer_01538,Male,63,Gurugram,Haryana,High Value
C01539,Customer_01539,Male,56,Hyderabad,Telangana,Medium Value
C01540,Customer_01540,Female,25,Bhopal,Madhya Pradesh,Medium Value
C01541,Customer_01541,Male,49,Patna,Bihar,Medium Value
C01542,Customer_01542,Male,60,Nashik,Maharashtra,Medium Value
C01543,Customer_01543,Female,46,Warangal,Telangana,Medium Value
C01544,Customer_01544,Male,39,Varanasi,Uttar Pradesh,Medium Value
C01545,Customer_01545,Male,37,Jaipur,Rajasthan,Medium Value
C01546,Customer_01546,Male,23,Bhopal,Madhya Pradesh,Medium Value
C01547,Customer_01547,Male,60,Raipur,Chhattisgarh,Medium Value
C01548,Customer_01548,Male,46,Noida,Uttar Pradesh,Medium Value
C01549,Customer_01549,Other,59,Jamshedpur,Jharkhand,High Value
C01550,Customer_01550,Male,34,Ludhiana,Punjab,High Value
C01551,Customer_01551,Male,48,Cuttack,Odisha,Medium Value
C01552,Customer_01552,Male,51,Gurugram,Haryana,Medium Value
C01553,Customer_01553,Female,55,Vijayawada,Andhra Pradesh,Medium Value
C01554,Customer_01554,Female,54,Margao,Goa,Low Value
C01555,Customer_01555,Male,21,Nagpur,Maharashtra,Medium Value
C01556,Customer_01556,Female,19,Thiruvananthapuram,Kerala,Medium Value
C01557,Customer_01557,Male,29,Udaipur,Rajasthan,Low Value
C01558,Customer_01558,Male,52,Guwahati,Assam,Low Value
C01559,Customer_01559,Male,23,Pune,Maharashtra,Low Value
C01560,Customer_01560,Male,63,Mangaluru,Karnataka,High Value
C01561,Customer_01561,Male,25,Nashik,Maharashtra,Medium Value
C01562,Customer_01562,Female,38,Pune,Maharashtra,Low Value
C01563,Customer_01563,Male,63,Noida,Uttar Pradesh,Low Value
C01564,Customer_01564,Female,52,Patna,Bihar,Medium Value
C01565,Customer_01565,Male,65,Mumbai,Maharashtra,High Value
C01566,Customer_01566,Male,32,Patna,Bihar,Low Value
C01567,Customer_01567,Male,24,Margao,Goa,Medium Value
C01568,Customer_01568,Female,32,Durgapur,West Bengal,Medium Value
C01569,Customer_01569,Male,62,Mangaluru,Karnataka,Medium Value
C01570,Customer_01570,Female,23,Warangal,Telangana,Medium Value
C01571,Customer_01571,Male,64,Kolkata,West Bengal,Medium Value
C01572,Customer_01572,Male,34,Bhubaneswar,Odisha,Medium Value
C01573,Customer_01573,Male,21,Guwahati,Assam,Low Value
C01574,Customer_01574,Male,39,Faridabad,Haryana,Medium Value
C01575,Customer_01575,Male,49,Bengaluru,Karnataka,Medium Value
C01576,Customer_01576,Male,39,Kochi,Kerala,Low Value
C01577,Customer_01577,Female,44,Amritsar,Punjab,Medium Value
C01578,Customer_01578,Male,63,Ranchi,Jharkhand,Medium Value
C01579,Customer_01579,Female,32,Jaipur,Rajasthan,Medium Value
C01580,Customer_01580,Male,61,Bhopal,Madhya Pradesh,High Value
C01581,Customer_01581,Female,39,Ahmedabad,Gujarat,High Value
C01582,Customer_01582,Female,45,Hyderabad,Telangana,Low Value
C01583,Customer_01583,Male,59,Varanasi,Uttar Pradesh,Low Value
C01584,Customer_01584,Male,55,Warangal,Telangana,Low Value
C01585,Customer_01585,Female,26,Kanpur,Uttar Pradesh,High Value
C01586,Customer_01586,Female,51,Durgapur,West Bengal,Medium Value
C01587,Customer_01587,Male,53,Lucknow,Uttar Pradesh,High Value
C01588,Customer_01588,Male,26,Guwahati,Assam,Medium Value
C01589,Customer_01589,Female,32,Ludhiana,Punjab,High Value
C01590,Customer_01590,Male,62,Jaipur,Rajasthan,Low Value
C01591,Customer_01591,Female,37,Jaipur,Rajasthan,High Value
C01592,Customer_01592,Male,25,Guwahati,Assam,High Value
C01593,Customer_01593,Male,45,Margao,Goa,Medium Value
C01594,Customer_01594,Female,36,Faridabad,Haryana,High Value
C01595,Customer_01595,Female,33,Kolkata,West Bengal,Low Value
C01596,Customer_01596,Male,28,Bhopal,Madhya Pradesh,Low Value
C01597,Customer_01597,Male,59,Margao,Goa,High Value
C01598,Customer_01598,Female,25,Vijayawada,Andhra Pradesh,Medium Value
C01599,Customer_01599,Female,50,New Delhi,Delhi,Low Value
C01600,Customer_01600,Male,27,Warangal,Telangana,Low Value
C01601,Customer_01601,Female,35,Ahmedabad,Gujarat,Low Value
C01602,Customer_01602,Female,52,Lucknow,Uttar Pradesh,High Value
C01603,Customer_01603,Female,60,Kochi,Kerala,Medium Value
C01604,Customer_01604,Female,20,Cuttack,Odisha,High Value
C01605,Customer_01605,Male,57,Bhopal,Madhya Pradesh,Medium Value
C01606,Customer_01606,Female,44,Guwahati,Assam,Low Value
C01607,Customer_01607,Female,45,Amritsar,Punjab,High Value
C01608,Customer_01608,Male,63,Amritsar,Punjab,Medium Value
C01609,Customer_01609,Male,23,Gaya,Bihar,Medium Value
C01610,Customer_01610,Male,64,Patna,Bihar,Low Value
C01611,Customer_01611,Female,31,Raipur,Chhattisgarh,High Value
C01612,Customer_01612,Male,24,Raipur,Chhattisgarh,Medium Value
C01613,Customer_01613,Female,27,Bhubaneswar,Odisha,Medium Value
C01614,Customer_01614,Female,32,New Delhi,Delhi,High Value
C01615,Customer_01615,Female,48,Gaya,Bihar,Medium Value
C01616,Customer_01616,Female,46,Jodhpur,Rajasthan,Medium Value
C01617,Customer_01617,Female,59,Raipur,Chhattisgarh,Low Value
C01618,Customer_01618,Male,34,Ludhiana,Punjab,Medium Value
C01619,Customer_01619,Female,46,Guwahati,Assam,Medium Value
C01620,Customer_01620,Male,61,Warangal,Telangana,Low Value
C01621,Customer_01621,Female,32,Guwahati,Assam,Low Value
C01622,Customer_01622,Male,43,Raipur,Chhattisgarh,Low Value
C01623,Customer_01623,Other,29,Coimbatore,Tamil Nadu,Medium Value
C01624,Customer_01624,Female,42,Lucknow,Uttar Pradesh,Medium Value
C01625,Customer_01625,Female,58,Ahmedabad,Gujarat,Medium Value
C01626,Customer_01626,Male,22,Thiruvananthapuram,Kerala,Low Value
C01627,Customer_01627,Male,21,Raipur,Chhattisgarh,Low Value
C01628,Customer_01628,Female,61,Surat,Gujarat,Medium Value
C01629,Customer_01629,Male,65,Faridabad,Haryana,High Value
C01630,Customer_01630,Female,58,Nashik,Maharashtra,High Value
C01631,Customer_01631,Male,48,Kolkata,West Bengal,Medium Value
C01632,Customer_01632,Female,20,Ludhiana,Punjab,Medium Value
C01633,Customer_01633,Male,20,Jamshedpur,Jharkhand,Medium Value
C01634,Customer_01634,Female,43,Panaji,Goa,Medium Value
C01635,Customer_01635,Female,34,Chennai,Tamil Nadu,Medium Value
C01636,Customer_01636,Male,27,Delhi,Delhi,Medium Value
C01637,Customer_01637,Male,19,Ludhiana,Punjab,High Value
C01638,Customer_01638,Male,41,Panaji,Goa,Medium Value
C01639,Customer_01639,Female,28,Guwahati,Assam,Low Value
C01640,Customer_01640,Female,41,Ranchi,Jharkhand,Medium Value
C01641,Customer_01641,Female,52,Raipur,Chhattisgarh,Medium Value
C01642,Customer_01642,Female,40,Varanasi,Uttar Pradesh,Medium Value
C01643,Customer_01643,Male,49,Delhi,Delhi,Medium Value
C01644,Customer_01644,Male,40,Mangaluru,Karnataka,Medium Value
C01645,Customer_01645,Male,51,Delhi,Delhi,Medium Value
C01646,Customer_01646,Male,58,Mangaluru,Karnataka,Medium Value
C01647,Customer_01647,Female,36,Gurugram,Haryana,Low Value
C01648,Customer_01648,Female,19,Bengaluru,Karnataka,Low Value
C01649,Customer_01649,Male,19,New Delhi,Delhi,Medium Value
C01650,Customer_01650,Female,32,Hyderabad,Telangana,Low Value
C01651,Customer_01651,Female,38,Kolkata,West Bengal,Medium Value
C01652,Customer_01652,Male,52,Kozhikode,Kerala,High Value
C01653,Customer_01653,Male,22,Raipur,Chhattisgarh,Medium Value
C01654,Customer_01654,Male,60,Raipur,Chhattisgarh,Medium Value
C01655,Customer_01655,Female,44,Amritsar,Punjab,High Value
C01656,Customer_01656,Female,41,Ahmedabad,Gujarat,Medium Value
C01657,Customer_01657,Female,24,Patna,Bihar,Low Value
C01658,Customer_01658,Male,23,Guwahati,Assam,Medium Value
C01659,Customer_01659,Male,63,Jodhpur,Rajasthan,Medium Value
C01660,Customer_01660,Female,50,Faridabad,Haryana,Medium Value
C01661,Customer_01661,Female,34,Nashik,Maharashtra,Medium Value
C01662,Customer_01662,Female,63,Surat,Gujarat,High Value
C01663,Customer_01663,Female,59,Jaipur,Rajasthan,Low Value
C01664,Customer_01664,Male,47,Delhi,Delhi,Medium Value
C01665,Customer_01665,Female,25,Vijayawada,Andhra Pradesh,Low Value
C01666,Customer_01666,Female,57,Thiruvananthapuram,Kerala,High Value
C01667,Customer_01667,Male,63,Amritsar,Punjab,Low Value
C01668,Customer_01668,Female,24,Bhubaneswar,Odisha,Low Value
C01669,Customer_01669,Male,23,Cuttack,Odisha,Low Value
C01670,Customer_01670,Male,21,Bengaluru,Karnataka,Low Value
C01671,Customer_01671,Male,18,Madurai,Tamil Nadu,High Value
C01672,Customer_01672,Male,32,Coimbatore,Tamil Nadu,Medium Value
C01673,Customer_01673,Male,48,Hyderabad,Telangana,Medium Value
C01674,Customer_01674,Male,42,Gaya,Bihar,Medium Value
C01675,Customer_01675,Female,64,Noida,Uttar Pradesh,Low Value
C01676,Customer_01676,Male,50,Gurugram,Haryana,Medium Value
C01677,Customer_01677,Male,52,Cuttack,Odisha,High Value
C01678,Customer_01678,Male,22,Kolkata,West Bengal,Medium Value
C01679,Customer_01679,Female,22,Margao,Goa,Low Value
C01680,Customer_01680,Male,53,Bengaluru,Karnataka,Low Value
C01681,Customer_01681,Male,34,Durgapur,West Bengal,Medium Value
C01682,Customer_01682,Female,31,Hyderabad,Telangana,Medium Value
C01683,Customer_01683,Female,46,Ranchi,Jharkhand,Medium Value
C01684,Customer_01684,Female,25,Mangaluru,Karnataka,Medium Value
C01685,Customer_01685,Female,51,Ahmedabad,Gujarat,High Value
C01686,Customer_01686,Male,57,Madurai,Tamil Nadu,Low Value
C01687,Customer_01687,Female,18,Coimbatore,Tamil Nadu,Medium Value
C01688,Customer_01688,Male,46,Nagpur,Maharashtra,Medium Value
C01689,Customer_01689,Male,53,Jaipur,Rajasthan,High Value
C01690,Customer_01690,Male,54,Amritsar,Punjab,Low Value
C01691,Customer_01691,Female,46,New Delhi,Delhi,Low Value
C01692,Customer_01692,Male,22,Gaya,Bihar,Medium Value
C01693,Customer_01693,Female,49,Faridabad,Haryana,Low Value
C01694,Customer_01694,Female,41,Bhopal,Madhya Pradesh,Medium Value
C01695,Customer_01695,Male,36,Kochi,Kerala,Medium Value
C01696,Customer_01696,Female,29,Surat,Gujarat,Medium Value
C01697,Customer_01697,Female,18,Cuttack,Odisha,Low Value
C01698,Customer_01698,Female,24,Visakhapatnam,Andhra Pradesh,Medium Value
C01699,Customer_01699,Male,34,Kochi,Kerala,Low Value
C01700,Customer_01700,Female,51,Kochi,Kerala,Medium Value
C01701,Customer_01701,Male,60,Amritsar,Punjab,Low Value
C01702,Customer_01702,Female,24,Kanpur,Uttar Pradesh,Low Value
C01703,Customer_01703,Male,34,Pune,Maharashtra,Medium Value
C01704,Customer_01704,Male,20,Chennai,Tamil Nadu,Low Value
C01705,Customer_01705,Female,46,Panaji,Goa,Medium Value
C01706,Customer_01706,Female,39,Udaipur,Rajasthan,Low Value
C01707,Customer_01707,Female,55,Bhopal,Madhya Pradesh,Low Value
C01708,Customer_01708,Male,60,Amritsar,Punjab,High Value
C01709,Customer_01709,Male,46,Mumbai,Maharashtra,Low Value
C01710,Customer_01710,Female,59,Margao,Goa,Medium Value
C01711,Customer_01711,Female,22,Indore,Madhya Pradesh,Low Value
C01712,Customer_01712,Female,47,Coimbatore,Tamil Nadu,Low Value
C01713,Customer_01713,Male,40,Faridabad,Haryana,High Value
C01714,Customer_01714,Male,38,Coimbatore,Tamil Nadu,Medium Value
C01715,Customer_01715,Female,43,Ludhiana,Punjab,Medium Value
C01716,Customer_01716,Female,64,Chennai,Tamil Nadu,Low Value
C01717,Customer_01717,Male,38,Jamshedpur,Jharkhand,Low Value
C01718,Customer_01718,Female,37,Ranchi,Jharkhand,Medium Value
C01719,Customer_01719,Female,40,Ludhiana,Punjab,Low Value
C01720,Customer_01720,Male,21,Faridabad,Haryana,Medium Value
C01721,Customer_01721,Male,38,Gurugram,Haryana,High Value
C01722,Customer_01722,Male,38,Hyderabad,Telangana,Medium Value
C01723,Customer_01723,Female,18,Amritsar,Punjab,Medium Value
C01724,Customer_01724,Male,32,Margao,Goa,High Value
C01725,Customer_01725,Male,34,Guwahati,Assam,High Value
C01726,Customer_01726,Female,31,Bhubaneswar,Odisha,High Value
C01727,Customer_01727,Male,36,Mysuru,Karnataka,Low Value
C01728,Customer_01728,Male,51,Noida,Uttar Pradesh,Medium Value
C01729,Customer_01729,Male,23,Coimbatore,Tamil Nadu,Medium Value
C01730,Customer_01730,Female,62,Margao,Goa,Medium Value
C01731,Customer_01731,Female,23,Nashik,Maharashtra,Medium Value
C01732,Customer_01732,Male,22,Surat,Gujarat,Medium Value
C01733,Customer_01733,Female,24,Hyderabad,Telangana,Medium Value
C01734,Customer_01734,Female,50,Coimbatore,Tamil Nadu,Medium Value
C01735,Customer_01735,Male,30,Chennai,Tamil Nadu,Low Value
C01736,Customer_01736,Male,18,Thane,Maharashtra,Medium Value
C01737,Customer_01737,Male,30,Jamshedpur,Jharkhand,Medium Value
C01738,Customer_01738,Male,60,Raipur,Chhattisgarh,Medium Value
C01739,Customer_01739,Female,44,Cuttack,Odisha,High Value
C01740,Customer_01740,Female,24,Amritsar,Punjab,Low Value
C01741,Customer_01741,Male,20,Thiruvananthapuram,Kerala,Low Value
C01742,Customer_01742,Male,42,Margao,Goa,Medium Value
C01743,Customer_01743,Male,50,Guwahati,Assam,Medium Value
C01744,Customer_01744,Female,57,Bhopal,Madhya Pradesh,Low Value
C01745,Customer_01745,Male,34,Bengaluru,Karnataka,Medium Value
C01746,Customer_01746,Female,62,Guwahati,Assam,Medium Value
C01747,Customer_01747,Male,31,Durgapur,West Bengal,Medium Value
C01748,Customer_01748,Female,54,Faridabad,Haryana,Low Value
C01749,Customer_01749,Female,40,Bhopal,Madhya Pradesh,Low Value
C01750,Customer_01750,Male,41,Guwahati,Assam,Medium Value
C01751,Customer_01751,Female,46,Amritsar,Punjab,Medium Value
C01752,Customer_01752,Female,55,Warangal,Telangana,Medium Value
C01753,Customer_01753,Male,44,Margao,Goa,Low Value
C01754,Customer_01754,Female,55,Patna,Bihar,High Value
C01755,Customer_01755,Male,57,Panaji,Goa,Low Value
C01756,Customer_01756,Female,62,Visakhapatnam,Andhra Pradesh,Medium Value
C01757,Customer_01757,Male,40,Guwahati,Assam,Low Value
C01758,Customer_01758,Female,48,Kochi,Kerala,Medium Value
C01759,Customer_01759,Female,53,Jodhpur,Rajasthan,Medium Value
C01760,Customer_01760,Female,34,Guwahati,Assam,Low Value
C01761,Customer_01761,Female,54,Mumbai,Maharashtra,Low Value
C01762,Customer_01762,Female,20,Udaipur,Rajasthan,Medium Value
C01763,Customer_01763,Male,53,Warangal,Telangana,Medium Value
C01764,Customer_01764,Female,22,Coimbatore,Tamil Nadu,Medium Value
C01765,Customer_01765,Female,63,Faridabad,Haryana,High Value
C01766,Customer_01766,Female,32,Faridabad,Haryana,Low Value
C01767,Customer_01767,Female,23,Mangaluru,Karnataka,Medium Value
C01768,Customer_01768,Female,27,Nagpur,Maharashtra,Low Value
C01769,Customer_01769,Female,49,Indore,Madhya Pradesh,Medium Value
C01770,Customer_01770,Male,40,Thiruvananthapuram,Kerala,Low Value
C01771,Customer_01771,Male,65,Guwahati,Assam,High Value
C01772,Customer_01772,Male,34,Guwahati,Assam,High Value
C01773,Customer_01773,Male,63,Jamshedpur,Jharkhand,High Value
C01774,Customer_01774,Female,37,Udaipur,Rajasthan,Low Value
C01775,Customer_01775,Male,61,Faridabad,Haryana,Medium Value
C01776,Customer_01776,Male,58,Jodhpur,Rajasthan,High Value
C01777,Customer_01777,Other,32,Jamshedpur,Jharkhand,Low Value
C01778,Customer_01778,Male,61,Amritsar,Punjab,Low Value
C01779,Customer_01779,Male,63,Jaipur,Rajasthan,Low Value
C01780,Customer_01780,Male,39,Cuttack,Odisha,Medium Value
C01781,Customer_01781,Male,23,Delhi,Delhi,Medium Value
C01782,Customer_01782,Female,21,Thane,Maharashtra,Low Value
C01783,Customer_01783,Female,40,Nashik,Maharashtra,Medium Value
C01784,Customer_01784,Female,61,Raipur,Chhattisgarh,High Value
C01785,Customer_01785,Male,62,Vijayawada,Andhra Pradesh,Medium Value
C01786,Customer_01786,Female,36,Cuttack,Odisha,Low Value
C01787,Customer_01787,Male,62,Vijayawada,Andhra Pradesh,High Value
C01788,Customer_01788,Male,48,Madurai,Tamil Nadu,Low Value
C01789,Customer_01789,Male,61,Kanpur,Uttar Pradesh,Medium Value
C01790,Customer_01790,Male,20,Mysuru,Karnataka,Low Value
C01791,Customer_01791,Male,45,Guwahati,Assam,Low Value
C01792,Customer_01792,Male,20,Hyderabad,Telangana,Medium Value
C01793,Customer_01793,Other,31,Noida,Uttar Pradesh,Medium Value
C01794,Customer_01794,Male,35,Nagpur,Maharashtra,Low Value
C01795,Customer_01795,Male,44,Kanpur,Uttar Pradesh,Medium Value
C01796,Customer_01796,Male,27,Vijayawada,Andhra Pradesh,Low Value
C01797,Customer_01797,Female,32,Patna,Bihar,Low Value
C01798,Customer_01798,Male,36,Lucknow,Uttar Pradesh,Medium Value
C01799,Customer_01799,Female,26,Patna,Bihar,Medium Value
C01800,Customer_01800,Female,21,Lucknow,Uttar Pradesh,Medium Value
C01801,Customer_01801,Male,32,Bhopal,Madhya Pradesh,Low Value
C01802,Customer_01802,Male,65,New Delhi,Delhi,High Value
C01803,Customer_01803,Male,25,Mangaluru,Karnataka,Low Value
C01804,Customer_01804,Female,18,Hyderabad,Telangana,Low Value
C01805,Customer_01805,Male,24,Bhubaneswar,Odisha,High Value
C01806,Customer_01806,Male,48,New Delhi,Delhi,High Value
C01807,Customer_01807,Male,35,Warangal,Telangana,Medium Value
C01808,Customer_01808,Female,29,Raipur,Chhattisgarh,Low Value
C01809,Customer_01809,Male,65,Hyderabad,Telangana,Medium Value
C01810,Customer_01810,Male,47,Mysuru,Karnataka,Medium Value
C01811,Customer_01811,Female,50,Guwahati,Assam,Low Value
C01812,Customer_01812,Female,64,Patna,Bihar,High Value
C01813,Customer_01813,Female,24,Noida,Uttar Pradesh,Medium Value
C01814,Customer_01814,Male,45,Raipur,Chhattisgarh,Medium Value
C01815,Customer_01815,Female,20,Patna,Bihar,Medium Value
C01816,Customer_01816,Female,60,Indore,Madhya Pradesh,High Value
C01817,Customer_01817,Male,23,Mumbai,Maharashtra,Medium Value
C01818,Customer_01818,Female,48,Kolkata,West Bengal,Low Value
C01819,Customer_01819,Male,55,Gurugram,Haryana,Medium Value
C01820,Customer_01820,Female,32,Thane,Maharashtra,Low Value
C01821,Customer_01821,Male,24,Amritsar,Punjab,High Value
C01822,Customer_01822,Female,60,Kolkata,West Bengal,Medium Value
C01823,Customer_01823,Male,47,Faridabad,Haryana,High Value
C01824,Customer_01824,Female,44,Raipur,Chhattisgarh,Medium Value
C01825,Customer_01825,Male,34,Thane,Maharashtra,Medium Value
C01826,Customer_01826,Female,35,Jamshedpur,Jharkhand,Medium Value
C01827,Customer_01827,Female,39,Ranchi,Jharkhand,High Value
C01828,Customer_01828,Male,43,Ahmedabad,Gujarat,Medium Value
C01829,Customer_01829,Female,44,Ludhiana,Punjab,Medium Value
C01830,Customer_01830,Other,57,Warangal,Telangana,Medium Value
C01831,Customer_01831,Male,41,Bhopal,Madhya Pradesh,High Value
C01832,Customer_01832,Male,25,Surat,Gujarat,Low Value
C01833,Customer_01833,Female,38,Jaipur,Rajasthan,Medium Value
C01834,Customer_01834,Male,46,Bhubaneswar,Odisha,Medium Value
C01835,Customer_01835,Male,60,Bhubaneswar,Odisha,Low Value
C01836,Customer_01836,Male,38,Thiruvananthapuram,Kerala,Medium Value
C01837,Customer_01837,Male,20,Mangaluru,Karnataka,High Value
C01838,Customer_01838,Male,48,Cuttack,Odisha,Medium Value
C01839,Customer_01839,Male,44,Kanpur,Uttar Pradesh,Low Value
C01840,Customer_01840,Female,63,Surat,Gujarat,Medium Value
C01841,Customer_01841,Female,44,Jodhpur,Rajasthan,Low Value
C01842,Customer_01842,Male,26,Vijayawada,Andhra Pradesh,Low Value
C01843,Customer_01843,Female,50,Mysuru,Karnataka,Medium Value
C01844,Customer_01844,Female,50,Hyderabad,Telangana,Medium Value
C01845,Customer_01845,Female,43,Amritsar,Punjab,Medium Value
C01846,Customer_01846,Male,45,Coimbatore,Tamil Nadu,Medium Value
C01847,Customer_01847,Male,61,Bengaluru,Karnataka,Medium Value
C01848,Customer_01848,Female,60,Visakhapatnam,Andhra Pradesh,Low Value
C01849,Customer_01849,Female,48,Madurai,Tamil Nadu,Medium Value
C01850,Customer_01850,Female,18,Faridabad,Haryana,High Value
C01851,Customer_01851,Female,37,Ludhiana,Punjab,Low Value
C01852,Customer_01852,Male,29,New Delhi,Delhi,Low Value
C01853,Customer_01853,Female,34,Gurugram,Haryana,Low Value
C01854,Customer_01854,Male,32,Bhopal,Madhya Pradesh,Medium Value
C01855,Customer_01855,Male,51,Visakhapatnam,Andhra Pradesh,High Value
C01856,Customer_01856,Female,33,Warangal,Telangana,High Value
C01857,Customer_01857,Male,21,Cuttack,Odisha,Low Value
C01858,Customer_01858,Male,25,Guwahati,Assam,High Value
C01859,Customer_01859,Female,51,Ludhiana,Punjab,Low Value
C01860,Customer_01860,Male,63,Bhopal,Madhya Pradesh,Medium Value
C01861,Customer_01861,Female,42,Gaya,Bihar,Low Value
C01862,Customer_01862,Other,32,Indore,Madhya Pradesh,Low Value
C01863,Customer_01863,Female,45,Vijayawada,Andhra Pradesh,Low Value
C01864,Customer_01864,Male,26,Gurugram,Haryana,Medium Value
C01865,Customer_01865,Male,19,Faridabad,Haryana,Medium Value
C01866,Customer_01866,Male,34,Delhi,Delhi,High Value
C01867,Customer_01867,Male,27,Indore,Madhya Pradesh,Medium Value
C01868,Customer_01868,Male,26,Raipur,Chhattisgarh,Medium Value
C01869,Customer_01869,Female,48,Gurugram,Haryana,Low Value
C01870,Customer_01870,Male,19,Delhi,Delhi,High Value
C01871,Customer_01871,Female,41,Gaya,Bihar,Low Value
C01872,Customer_01872,Male,36,Raipur,Chhattisgarh,High Value
C01873,Customer_01873,Female,34,Bengaluru,Karnataka,Medium Value
C01874,Customer_01874,Female,60,Cuttack,Odisha,High Value
C01875,Customer_01875,Male,27,Delhi,Delhi,Low Value
C01876,Customer_01876,Male,45,Vijayawada,Andhra Pradesh,High Value
C01877,Customer_01877,Female,55,Margao,Goa,Low Value
C01878,Customer_01878,Female,65,Bhubaneswar,Odisha,Medium Value
C01879,Customer_01879,Female,45,Gurugram,Haryana,Low Value
C01880,Customer_01880,Male,18,Vadodara,Gujarat,Medium Value
C01881,Customer_01881,Male,20,Jodhpur,Rajasthan,Medium Value
C01882,Customer_01882,Female,32,Visakhapatnam,Andhra Pradesh,Low Value
C01883,Customer_01883,Female,27,Kozhikode,Kerala,Low Value
C01884,Customer_01884,Male,38,Delhi,Delhi,Medium Value
C01885,Customer_01885,Female,54,Guwahati,Assam,Low Value
C01886,Customer_01886,Male,32,Bengaluru,Karnataka,High Value
C01887,Customer_01887,Male,40,Jamshedpur,Jharkhand,Low Value
C01888,Customer_01888,Male,31,Gaya,Bihar,Medium Value
C01889,Customer_01889,Male,32,Delhi,Delhi,High Value
C01890,Customer_01890,Female,27,Indore,Madhya Pradesh,Medium Value
C01891,Customer_01891,Male,26,Durgapur,West Bengal,Low Value
C01892,Customer_01892,Male,61,Ludhiana,Punjab,Low Value
C01893,Customer_01893,Female,56,Thiruvananthapuram,Kerala,Medium Value
C01894,Customer_01894,Female,22,Kolkata,West Bengal,Low Value
C01895,Customer_01895,Female,42,Gaya,Bihar,Medium Value
C01896,Customer_01896,Female,59,Durgapur,West Bengal,Low Value
C01897,Customer_01897,Male,43,Jamshedpur,Jharkhand,High Value
C01898,Customer_01898,Female,25,Kochi,Kerala,Medium Value
C01899,Customer_01899,Female,39,Thiruvananthapuram,Kerala,High Value
C01900,Customer_01900,Female,42,Delhi,Delhi,Medium Value
C01901,Customer_01901,Male,65,Panaji,Goa,Medium Value
C01902,Customer_01902,Male,29,Delhi,Delhi,Low Value
C01903,Customer_01903,Female,26,Durgapur,West Bengal,Medium Value
C01904,Customer_01904,Male,27,Pune,Maharashtra,Low Value
C01905,Customer_01905,Female,65,Ludhiana,Punjab,Low Value
C01906,Customer_01906,Female,27,Gaya,Bihar,High Value
C01907,Customer_01907,Female,26,Kochi,Kerala,Medium Value
C01908,Customer_01908,Female,43,Faridabad,Haryana,Low Value
C01909,Customer_01909,Female,52,Gaya,Bihar,Low Value
C01910,Customer_01910,Male,44,Kanpur,Uttar Pradesh,Low Value
C01911,Customer_01911,Female,48,Noida,Uttar Pradesh,Low Value
C01912,Customer_01912,Female,36,Faridabad,Haryana,Medium Value
C01913,Customer_01913,Male,60,Kozhikode,Kerala,Low Value
C01914,Customer_01914,Male,55,Kozhikode,Kerala,Medium Value
C01915,Customer_01915,Male,23,Jaipur,Rajasthan,Medium Value
C01916,Customer_01916,Female,32,Visakhapatnam,Andhra Pradesh,Low Value
C01917,Customer_01917,Male,46,Jamshedpur,Jharkhand,Low Value
C01918,Customer_01918,Female,64,Coimbatore,Tamil Nadu,Low Value
C01919,Customer_01919,Male,62,Delhi,Delhi,Medium Value
C01920,Customer_01920,Male,22,Guwahati,Assam,Low Value
C01921,Customer_01921,Female,31,Raipur,Chhattisgarh,Low Value
C01922,Customer_01922,Male,19,Delhi,Delhi,Medium Value
C01923,Customer_01923,Female,40,Kolkata,West Bengal,Medium Value
C01924,Customer_01924,Female,61,Thiruvananthapuram,Kerala,Medium Value
C01925,Customer_01925,Female,63,Guwahati,Assam,Medium Value
C01926,Customer_01926,Male,36,Raipur,Chhattisgarh,Medium Value
C01927,Customer_01927,Female,41,Delhi,Delhi,Medium Value
C01928,Customer_01928,Female,37,Thiruvananthapuram,Kerala,Low Value
C01929,Customer_01929,Female,64,Pune,Maharashtra,High Value
C01930,Customer_01930,Male,44,Guwahati,Assam,Medium Value
C01931,Customer_01931,Female,41,Coimbatore,Tamil Nadu,Medium Value
C01932,Customer_01932,Female,34,Gurugram,Haryana,Medium Value
C01933,Customer_01933,Female,42,Ranchi,Jharkhand,Low Value
C01934,Customer_01934,Male,63,Surat,Gujarat,Medium Value
C01935,Customer_01935,Male,48,Amritsar,Punjab,Medium Value
C01936,Customer_01936,Male,45,Mangaluru,Karnataka,Low Value
C01937,Customer_01937,Male,45,Pune,Maharashtra,High Value
C01938,Customer_01938,Male,39,Jamshedpur,Jharkhand,Low Value
C01939,Customer_01939,Male,22,Vijayawada,Andhra Pradesh,Medium Value
C01940,Customer_01940,Female,61,Chennai,Tamil Nadu,High Value
C01941,Customer_01941,Male,59,Faridabad,Haryana,Low Value
C01942,Customer_01942,Female,25,Surat,Gujarat,High Value
C01943,Customer_01943,Male,55,Kolkata,West Bengal,Medium Value
C01944,Customer_01944,Male,45,Indore,Madhya Pradesh,High Value
C01945,Customer_01945,Male,64,Thiruvananthapuram,Kerala,High Value
C01946,Customer_01946,Male,29,Noida,Uttar Pradesh,Low Value
C01947,Customer_01947,Female,42,Cuttack,Odisha,Low Value
C01948,Customer_01948,Female,55,Patna,Bihar,High Value
C01949,Customer_01949,Male,61,Mangaluru,Karnataka,Medium Value
C01950,Customer_01950,Male,32,Surat,Gujarat,Low Value
C01951,Customer_01951,Male,61,Durgapur,West Bengal,Low Value
C01952,Customer_01952,Female,58,Guwahati,Assam,Medium Value
C01953,Customer_01953,Female,51,Ahmedabad,Gujarat,Low Value
C01954,Customer_01954,Female,62,Thiruvananthapuram,Kerala,Medium Value
C01955,Customer_01955,Female,30,Kolkata,West Bengal,Low Value
C01956,Customer_01956,Female,25,Kanpur,Uttar Pradesh,Low Value
C01957,Customer_01957,Male,30,Jamshedpur,Jharkhand,Medium Value
C01958,Customer_01958,Male,53,Indore,Madhya Pradesh,High Value
C01959,Customer_01959,Female,23,Durgapur,West Bengal,Medium Value
C01960,Customer_01960,Female,55,Cuttack,Odisha,High Value
C01961,Customer_01961,Female,49,Raipur,Chhattisgarh,Medium Value
C01962,Customer_01962,Female,38,Delhi,Delhi,Low Value
C01963,Customer_01963,Male,61,Warangal,Telangana,Medium Value
C01964,Customer_01964,Female,61,Thiruvananthapuram,Kerala,Medium Value
C01965,Customer_01965,Female,24,Kolkata,West Bengal,Medium Value
C01966,Customer_01966,Male,43,Patna,Bihar,High Value
C01967,Customer_01967,Female,32,Bhubaneswar,Odisha,Medium Value
C01968,Customer_01968,Female,59,Delhi,Delhi,Medium Value
C01969,Customer_01969,Male,40,Jaipur,Rajasthan,High Value
C01970,Customer_01970,Male,55,Coimbatore,Tamil Nadu,Low Value
C01971,Customer_01971,Male,58,Thane,Maharashtra,Medium Value
C01972,Customer_01972,Female,32,New Delhi,Delhi,Low Value
C01973,Customer_01973,Male,65,Vadodara,Gujarat,High Value
C01974,Customer_01974,Female,57,Varanasi,Uttar Pradesh,Low Value
C01975,Customer_01975,Female,33,Jaipur,Rajasthan,Medium Value
C01976,Customer_01976,Male,49,Thane,Maharashtra,Low Value
C01977,Customer_01977,Female,54,Warangal,Telangana,Medium Value
C01978,Customer_01978,Other,35,Kanpur,Uttar Pradesh,Low Value
C01979,Customer_01979,Male,37,Kolkata,West Bengal,Medium Value
C01980,Customer_01980,Male,63,New Delhi,Delhi,Low Value
C01981,Customer_01981,Female,19,Patna,Bihar,Low Value
C01982,Customer_01982,Female,40,Jamshedpur,Jharkhand,Low Value
C01983,Customer_01983,Male,47,Mangaluru,Karnataka,Medium Value
C01984,Customer_01984,Male,20,Madurai,Tamil Nadu,Medium Value
C01985,Customer_01985,Male,63,Amritsar,Punjab,Low Value
C01986,Customer_01986,Other,56,Jaipur,Rajasthan,Medium Value
C01987,Customer_01987,Male,64,Warangal,Telangana,Medium Value
C01988,Customer_01988,Female,18,Udaipur,Rajasthan,High Value
C01989,Customer_01989,Female,58,Guwahati,Assam,Medium Value
C01990,Customer_01990,Male,39,Surat,Gujarat,Low Value
C01991,Customer_01991,Female,46,Amritsar,Punjab,Medium Value
C01992,Customer_01992,Male,31,Ahmedabad,Gujarat,Medium Value
C01993,Customer_01993,Female,65,Warangal,Telangana,Medium Value
C01994,Customer_01994,Male,45,Bengaluru,Karnataka,Medium Value
C01995,Customer_01995,Female,38,Amritsar,Punjab,Low Value
C01996,Customer_01996,Female,62,Mangaluru,Karnataka,Medium Value
C01997,Customer_01997,Male,49,Warangal,Telangana,Medium Value
C01998,Customer_01998,Male,23,Ranchi,Jharkhand,Medium Value
C01999,Customer_01999,Male,18,Vadodara,Gujarat,Low Value
C02000,Customer_02000,Male,38,Mysuru,Karnataka,High Value
C02001,Customer_02001,Female,21,Margao,Goa,High Value
C02002,Customer_02002,Female,20,Udaipur,Rajasthan,Medium Value
C02003,Customer_02003,Male,47,Amritsar,Punjab,Medium Value
C02004,Customer_02004,Female,48,New Delhi,Delhi,High Value
C02005,Customer_02005,Female,51,Madurai,Tamil Nadu,Low Value
C02006,Customer_02006,Female,36,Patna,Bihar,Medium Value
C02007,Customer_02007,Male,37,Faridabad,Haryana,Medium Value
C02008,Customer_02008,Male,40,Visakhapatnam,Andhra Pradesh,Medium Value
C02009,Customer_02009,Male,57,Thiruvananthapuram,Kerala,Low Value
C02010,Customer_02010,Female,42,Visakhapatnam,Andhra Pradesh,High Value
C02011,Customer_02011,Male,32,Amritsar,Punjab,High Value
C02012,Customer_02012,Male,55,Ranchi,Jharkhand,Medium Value
C02013,Customer_02013,Male,40,Vijayawada,Andhra Pradesh,Medium Value
C02014,Customer_02014,Female,19,Ludhiana,Punjab,Low Value
C02015,Customer_02015,Male,32,Udaipur,Rajasthan,Medium Value
C02016,Customer_02016,Male,61,Panaji,Goa,High Value
C02017,Customer_02017,Male,52,Vadodara,Gujarat,Medium Value
C02018,Customer_02018,Male,27,Vijayawada,Andhra Pradesh,Medium Value
C02019,Customer_02019,Female,31,Gaya,Bihar,Medium Value
C02020,Customer_02020,Male,44,Raipur,Chhattisgarh,Low Value
C02021,Customer_02021,Male,31,Jaipur,Rajasthan,High Value
C02022,Customer_02022,Female,52,Coimbatore,Tamil Nadu,High Value
C02023,Customer_02023,Male,50,Panaji,Goa,High Value
C02024,Customer_02024,Male,18,Jaipur,Rajasthan,Low Value
C02025,Customer_02025,Female,51,Amritsar,Punjab,Low Value
C02026,Customer_02026,Male,36,Pune,Maharashtra,Low Value
C02027,Customer_02027,Male,41,Panaji,Goa,Medium Value
C02028,Customer_02028,Male,59,Warangal,Telangana,Medium Value
C02029,Customer_02029,Female,21,Guwahati,Assam,Medium Value
C02030,Customer_02030,Female,53,Jaipur,Rajasthan,Medium Value
C02031,Customer_02031,Female,30,Durgapur,West Bengal,Medium Value
C02032,Customer_02032,Female,49,Thane,Maharashtra,Medium Value
C02033,Customer_02033,Male,26,Visakhapatnam,Andhra Pradesh,High Value
C02034,Customer_02034,Male,56,Ludhiana,Punjab,High Value
C02035,Customer_02035,Female,33,Hyderabad,Telangana,Low Value
C02036,Customer_02036,Female,20,Margao,Goa,Medium Value
C02037,Customer_02037,Male,37,Mangaluru,Karnataka,Low Value
C02038,Customer_02038,Female,27,Cuttack,Odisha,Medium Value
C02039,Customer_02039,Male,39,Delhi,Delhi,Low Value
C02040,Customer_02040,Male,65,Nashik,Maharashtra,Medium Value
C02041,Customer_02041,Male,20,Guwahati,Assam,High Value
C02042,Customer_02042,Male,28,Gaya,Bihar,Low Value
C02043,Customer_02043,Female,42,Mangaluru,Karnataka,Medium Value
C02044,Customer_02044,Female,59,Varanasi,Uttar Pradesh,Medium Value
C02045,Customer_02045,Male,65,Mysuru,Karnataka,Low Value
C02046,Customer_02046,Male,25,Lucknow,Uttar Pradesh,Medium Value
C02047,Customer_02047,Female,26,Thane,Maharashtra,Low Value
C02048,Customer_02048,Male,32,Bhopal,Madhya Pradesh,Low Value
C02049,Customer_02049,Female,49,Surat,Gujarat,Medium Value
C02050,Customer_02050,Male,20,Panaji,Goa,Low Value
C02051,Customer_02051,Female,21,New Delhi,Delhi,Low Value
C02052,Customer_02052,Male,47,Guwahati,Assam,High Value
C02053,Customer_02053,Male,30,Hyderabad,Telangana,Medium Value
C02054,Customer_02054,Male,61,Surat,Gujarat,High Value
C02055,Customer_02055,Male,38,Bhopal,Madhya Pradesh,Medium Value
C02056,Customer_02056,Male,58,Faridabad,Haryana,Low Value
C02057,Customer_02057,Female,63,Madurai,Tamil Nadu,Medium Value
C02058,Customer_02058,Male,36,Margao,Goa,High Value
C02059,Customer_02059,Male,56,Thiruvananthapuram,Kerala,Medium Value
C02060,Customer_02060,Female,65,Amritsar,Punjab,Low Value
C02061,Customer_02061,Female,39,Gurugram,Haryana,Medium Value
C02062,Customer_02062,Female,37,Jamshedpur,Jharkhand,Low Value
C02063,Customer_02063,Female,54,Kozhikode,Kerala,Low Value
C02064,Customer_02064,Male,48,Hyderabad,Telangana,High Value
C02065,Customer_02065,Female,27,Guwahati,Assam,Medium Value
C02066,Customer_02066,Female,35,Patna,Bihar,Medium Value
C02067,Customer_02067,Female,60,Ahmedabad,Gujarat,Low Value
C02068,Customer_02068,Male,56,Kozhikode,Kerala,Low Value
C02069,Customer_02069,Male,63,Cuttack,Odisha,Medium Value
C02070,Customer_02070,Male,37,Warangal,Telangana,Medium Value
C02071,Customer_02071,Female,35,Ahmedabad,Gujarat,High Value
C02072,Customer_02072,Female,28,Visakhapatnam,Andhra Pradesh,Low Value
C02073,Customer_02073,Female,39,Kolkata,West Bengal,Medium Value
C02074,Customer_02074,Male,61,Margao,Goa,Low Value
C02075,Customer_02075,Female,35,Cuttack,Odisha,High Value
C02076,Customer_02076,Female,51,Noida,Uttar Pradesh,High Value
C02077,Customer_02077,Male,40,Faridabad,Haryana,Medium Value
C02078,Customer_02078,Female,18,Vadodara,Gujarat,Medium Value
C02079,Customer_02079,Male,27,Mangaluru,Karnataka,Medium Value
C02080,Customer_02080,Female,18,Mangaluru,Karnataka,High Value
C02081,Customer_02081,Female,55,Vadodara,Gujarat,Low Value
C02082,Customer_02082,Female,56,Guwahati,Assam,Medium Value
C02083,Customer_02083,Female,26,Bhubaneswar,Odisha,Medium Value
C02084,Customer_02084,Female,48,Margao,Goa,Medium Value
C02085,Customer_02085,Female,24,Guwahati,Assam,Medium Value
C02086,Customer_02086,Male,34,Kochi,Kerala,High Value
C02087,Customer_02087,Female,52,Mysuru,Karnataka,Low Value
C02088,Customer_02088,Male,65,Mumbai,Maharashtra,Medium Value
C02089,Customer_02089,Male,54,Delhi,Delhi,High Value
C02090,Customer_02090,Female,35,Bhubaneswar,Odisha,Medium Value
C02091,Customer_02091,Female,50,Nashik,Maharashtra,Medium Value
C02092,Customer_02092,Male,21,Cuttack,Odisha,High Value
C02093,Customer_02093,Male,40,Visakhapatnam,Andhra Pradesh,Low Value
C02094,Customer_02094,Male,28,Bhubaneswar,Odisha,High Value
C02095,Customer_02095,Male,26,Panaji,Goa,Medium Value
C02096,Customer_02096,Male,47,Ahmedabad,Gujarat,Low Value
C02097,Customer_02097,Female,25,Ahmedabad,Gujarat,Medium Value
C02098,Customer_02098,Male,57,Varanasi,Uttar Pradesh,Medium Value
C02099,Customer_02099,Male,22,Hyderabad,Telangana,High Value
C02100,Customer_02100,Male,29,Patna,Bihar,High Value
C02101,Customer_02101,Other,18,Bengaluru,Karnataka,High Value
C02102,Customer_02102,Male,32,Jodhpur,Rajasthan,Low Value
C02103,Customer_02103,Male,42,Mangaluru,Karnataka,Low Value
C02104,Customer_02104,Male,35,Delhi,Delhi,Low Value
C02105,Customer_02105,Female,55,Gurugram,Haryana,Medium Value
C02106,Customer_02106,Female,59,New Delhi,Delhi,Low Value
C02107,Customer_02107,Male,63,Patna,Bihar,Medium Value
C02108,Customer_02108,Male,43,Amritsar,Punjab,Medium Value
C02109,Customer_02109,Male,57,Gaya,Bihar,Medium Value
C02110,Customer_02110,Female,20,Bhubaneswar,Odisha,High Value
C02111,Customer_02111,Female,39,Panaji,Goa,Low Value
C02112,Customer_02112,Male,43,Guwahati,Assam,Medium Value
C02113,Customer_02113,Male,36,Warangal,Telangana,Low Value
C02114,Customer_02114,Male,61,Bhopal,Madhya Pradesh,Low Value
C02115,Customer_02115,Male,61,Mangaluru,Karnataka,Low Value
C02116,Customer_02116,Female,64,Raipur,Chhattisgarh,High Value
C02117,Customer_02117,Male,56,Raipur,Chhattisgarh,Medium Value
C02118,Customer_02118,Male,53,Chennai,Tamil Nadu,Low Value
C02119,Customer_02119,Male,38,Raipur,Chhattisgarh,High Value
C02120,Customer_02120,Female,58,Mysuru,Karnataka,Low Value
C02121,Customer_02121,Female,65,Kochi,Kerala,Medium Value
C02122,Customer_02122,Male,43,Mysuru,Karnataka,Medium Value
C02123,Customer_02123,Male,30,Indore,Madhya Pradesh,Medium Value
C02124,Customer_02124,Male,53,Guwahati,Assam,Low Value
C02125,Customer_02125,Female,41,Faridabad,Haryana,Medium Value
C02126,Customer_02126,Male,58,Varanasi,Uttar Pradesh,Medium Value
C02127,Customer_02127,Female,43,Raipur,Chhattisgarh,Medium Value
C02128,Customer_02128,Female,38,Lucknow,Uttar Pradesh,Medium Value
C02129,Customer_02129,Female,35,Ahmedabad,Gujarat,High Value
C02130,Customer_02130,Male,32,Varanasi,Uttar Pradesh,High Value
C02131,Customer_02131,Female,32,Bhubaneswar,Odisha,High Value
C02132,Customer_02132,Female,23,Raipur,Chhattisgarh,Medium Value
C02133,Customer_02133,Male,60,Durgapur,West Bengal,Medium Value
C02134,Customer_02134,Male,48,Vijayawada,Andhra Pradesh,Medium Value
C02135,Customer_02135,Male,45,Vijayawada,Andhra Pradesh,Medium Value
C02136,Customer_02136,Male,25,Nashik,Maharashtra,High Value
C02137,Customer_02137,Male,46,Delhi,Delhi,High Value
C02138,Customer_02138,Female,38,New Delhi,Delhi,High Value
C02139,Customer_02139,Male,34,Kolkata,West Bengal,Medium Value
C02140,Customer_02140,Female,41,Udaipur,Rajasthan,High Value
C02141,Customer_02141,Male,53,Jamshedpur,Jharkhand,Medium Value
C02142,Customer_02142,Female,48,Coimbatore,Tamil Nadu,Medium Value
C02143,Customer_02143,Male,64,Kolkata,West Bengal,Medium Value
C02144,Customer_02144,Female,51,Panaji,Goa,Low Value
C02145,Customer_02145,Male,19,Margao,Goa,Medium Value
C02146,Customer_02146,Male,59,New Delhi,Delhi,High Value
C02147,Customer_02147,Female,20,Warangal,Telangana,Medium Value
C02148,Customer_02148,Male,47,Durgapur,West Bengal,High Value
C02149,Customer_02149,Female,25,Guwahati,Assam,High Value
C02150,Customer_02150,Female,24,Coimbatore,Tamil Nadu,Low Value
C02151,Customer_02151,Male,29,Panaji,Goa,Medium Value
C02152,Customer_02152,Female,36,Surat,Gujarat,Low Value
C02153,Customer_02153,Female,43,Durgapur,West Bengal,High Value
C02154,Customer_02154,Male,45,Cuttack,Odisha,Low Value
C02155,Customer_02155,Female,32,Kolkata,West Bengal,Low Value
C02156,Customer_02156,Female,31,Chennai,Tamil Nadu,Medium Value
C02157,Customer_02157,Male,65,Madurai,Tamil Nadu,Medium Value
C02158,Customer_02158,Male,31,Bengaluru,Karnataka,Medium Value
C02159,Customer_02159,Female,20,Warangal,Telangana,Low Value
C02160,Customer_02160,Male,46,Gurugram,Haryana,Medium Value
C02161,Customer_02161,Male,23,Kozhikode,Kerala,High Value
C02162,Customer_02162,Male,40,Durgapur,West Bengal,Medium Value
C02163,Customer_02163,Female,45,Madurai,Tamil Nadu,Medium Value
C02164,Customer_02164,Male,31,Mumbai,Maharashtra,Low Value
C02165,Customer_02165,Male,31,Patna,Bihar,Low Value
C02166,Customer_02166,Female,37,Guwahati,Assam,High Value
C02167,Customer_02167,Male,30,Gaya,Bihar,Medium Value
C02168,Customer_02168,Male,44,Guwahati,Assam,High Value
C02169,Customer_02169,Other,52,Madurai,Tamil Nadu,Low Value
C02170,Customer_02170,Female,62,Patna,Bihar,Low Value
C02171,Customer_02171,Female,19,New Delhi,Delhi,High Value
C02172,Customer_02172,Male,58,Ranchi,Jharkhand,Medium Value
C02173,Customer_02173,Female,62,Surat,Gujarat,Low Value
C02174,Customer_02174,Male,57,Ranchi,Jharkhand,High Value
C02175,Customer_02175,Male,65,Bhopal,Madhya Pradesh,Medium Value
C02176,Customer_02176,Male,41,Margao,Goa,Medium Value
C02177,Customer_02177,Male,46,Delhi,Delhi,High Value
C02178,Customer_02178,Female,20,Mangaluru,Karnataka,High Value
C02179,Customer_02179,Male,62,Margao,Goa,Low Value
C02180,Customer_02180,Female,21,Vijayawada,Andhra Pradesh,Medium Value
C02181,Customer_02181,Female,19,Guwahati,Assam,Medium Value
C02182,Customer_02182,Female,37,Jaipur,Rajasthan,Medium Value
C02183,Customer_02183,Male,32,Vadodara,Gujarat,Low Value
C02184,Customer_02184,Female,49,Varanasi,Uttar Pradesh,Medium Value
C02185,Customer_02185,Male,59,Margao,Goa,Medium Value
C02186,Customer_02186,Male,18,Warangal,Telangana,High Value
C02187,Customer_02187,Other,55,Kochi,Kerala,Low Value
C02188,Customer_02188,Male,52,Kozhikode,Kerala,High Value
C02189,Customer_02189,Male,24,Patna,Bihar,High Value
C02190,Customer_02190,Female,62,Ranchi,Jharkhand,Medium Value
C02191,Customer_02191,Male,30,Lucknow,Uttar Pradesh,High Value
C02192,Customer_02192,Female,18,Jamshedpur,Jharkhand,Low Value
C02193,Customer_02193,Male,31,Noida,Uttar Pradesh,Medium Value
C02194,Customer_02194,Male,46,Noida,Uttar Pradesh,High Value
C02195,Customer_02195,Male,20,Mumbai,Maharashtra,High Value
C02196,Customer_02196,Male,63,Mangaluru,Karnataka,Medium Value
C02197,Customer_02197,Male,41,Vijayawada,Andhra Pradesh,Medium Value
C02198,Customer_02198,Female,18,Mumbai,Maharashtra,Low Value
C02199,Customer_02199,Female,65,Thiruvananthapuram,Kerala,Medium Value
C02200,Customer_02200,Female,27,Guwahati,Assam,Medium Value
C02201,Customer_02201,Male,30,Jaipur,Rajasthan,Low Value
C02202,Customer_02202,Female,53,Indore,Madhya Pradesh,Medium Value
C02203,Customer_02203,Female,26,Mangaluru,Karnataka,Medium Value
C02204,Customer_02204,Female,31,Jaipur,Rajasthan,Low Value
C02205,Customer_02205,Male,53,Udaipur,Rajasthan,Low Value
C02206,Customer_02206,Female,27,Ranchi,Jharkhand,Medium Value
C02207,Customer_02207,Female,57,Faridabad,Haryana,Low Value
C02208,Customer_02208,Male,40,Jamshedpur,Jharkhand,Medium Value
C02209,Customer_02209,Female,52,Gaya,Bihar,Medium Value
C02210,Customer_02210,Male,24,Raipur,Chhattisgarh,High Value
C02211,Customer_02211,Female,59,Chennai,Tamil Nadu,Low Value
C02212,Customer_02212,Female,52,Amritsar,Punjab,Medium Value
C02213,Customer_02213,Female,19,Pune,Maharashtra,High Value
C02214,Customer_02214,Male,32,Chennai,Tamil Nadu,Low Value
C02215,Customer_02215,Male,26,Jodhpur,Rajasthan,Medium Value
C02216,Customer_02216,Female,64,Gaya,Bihar,High Value
C02217,Customer_02217,Male,34,Udaipur,Rajasthan,Medium Value
C02218,Customer_02218,Male,56,Indore,Madhya Pradesh,Medium Value
C02219,Customer_02219,Female,35,Nagpur,Maharashtra,Medium Value
C02220,Customer_02220,Male,32,Patna,Bihar,High Value
C02221,Customer_02221,Male,35,Raipur,Chhattisgarh,High Value
C02222,Customer_02222,Male,41,Vadodara,Gujarat,Medium Value
C02223,Customer_02223,Male,40,Jamshedpur,Jharkhand,Medium Value
C02224,Customer_02224,Female,29,Coimbatore,Tamil Nadu,High Value
C02225,Customer_02225,Female,40,Margao,Goa,Medium Value
C02226,Customer_02226,Female,38,Jodhpur,Rajasthan,Medium Value
C02227,Customer_02227,Female,43,Cuttack,Odisha,High Value
C02228,Customer_02228,Female,25,New Delhi,Delhi,Low Value
C02229,Customer_02229,Female,47,Bhopal,Madhya Pradesh,Low Value
C02230,Customer_02230,Male,51,Margao,Goa,Medium Value
C02231,Customer_02231,Female,19,Gurugram,Haryana,High Value
C02232,Customer_02232,Male,22,Raipur,Chhattisgarh,Medium Value
C02233,Customer_02233,Female,48,Durgapur,West Bengal,Medium Value
C02234,Customer_02234,Female,50,Raipur,Chhattisgarh,Low Value
C02235,Customer_02235,Male,21,Raipur,Chhattisgarh,Medium Value
C02236,Customer_02236,Female,23,Bhopal,Madhya Pradesh,Medium Value
C02237,Customer_02237,Male,40,Chennai,Tamil Nadu,Low Value
C02238,Customer_02238,Female,62,Madurai,Tamil Nadu,Medium Value
C02239,Customer_02239,Male,36,Jaipur,Rajasthan,High Value
C02240,Customer_02240,Female,60,Kozhikode,Kerala,Medium Value
C02241,Customer_02241,Male,62,Hyderabad,Telangana,High Value
C02242,Customer_02242,Male,25,Faridabad,Haryana,High Value
C02243,Customer_02243,Male,56,Visakhapatnam,Andhra Pradesh,Low Value
C02244,Customer_02244,Male,30,Jamshedpur,Jharkhand,Medium Value
C02245,Customer_02245,Male,18,Jodhpur,Rajasthan,High Value
C02246,Customer_02246,Female,23,Udaipur,Rajasthan,Low Value
C02247,Customer_02247,Male,24,Noida,Uttar Pradesh,Medium Value
C02248,Customer_02248,Male,65,Mangaluru,Karnataka,Medium Value
C02249,Customer_02249,Male,44,Gurugram,Haryana,Medium Value
C02250,Customer_02250,Female,32,Guwahati,Assam,Medium Value
C02251,Customer_02251,Female,51,Vadodara,Gujarat,High Value
C02252,Customer_02252,Female,40,Jamshedpur,Jharkhand,Low Value
C02253,Customer_02253,Female,65,Delhi,Delhi,High Value
C02254,Customer_02254,Male,41,New Delhi,Delhi,Medium Value
C02255,Customer_02255,Male,32,Bhubaneswar,Odisha,High Value
C02256,Customer_02256,Male,52,Kanpur,Uttar Pradesh,Low Value
C02257,Customer_02257,Female,21,Noida,Uttar Pradesh,Medium Value
C02258,Customer_02258,Other,61,Guwahati,Assam,Low Value
C02259,Customer_02259,Female,54,Kochi,Kerala,Medium Value
C02260,Customer_02260,Male,34,Delhi,Delhi,Low Value
C02261,Customer_02261,Male,48,Amritsar,Punjab,Low Value
C02262,Customer_02262,Male,55,Jaipur,Rajasthan,Low Value
C02263,Customer_02263,Female,27,Mangaluru,Karnataka,High Value
C02264,Customer_02264,Male,44,Patna,Bihar,High Value
C02265,Customer_02265,Female,59,Visakhapatnam,Andhra Pradesh,High Value
C02266,Customer_02266,Male,23,Mangaluru,Karnataka,High Value
C02267,Customer_02267,Female,23,Bhopal,Madhya Pradesh,Low Value
C02268,Customer_02268,Female,32,Thiruvananthapuram,Kerala,Medium Value
C02269,Customer_02269,Female,21,Faridabad,Haryana,Medium Value
C02270,Customer_02270,Female,65,Jamshedpur,Jharkhand,Medium Value
C02271,Customer_02271,Female,57,Jodhpur,Rajasthan,High Value
C02272,Customer_02272,Female,24,Guwahati,Assam,Medium Value
C02273,Customer_02273,Female,62,Kanpur,Uttar Pradesh,Medium Value
C02274,Customer_02274,Female,64,Jaipur,Rajasthan,Low Value
C02275,Customer_02275,Other,43,Cuttack,Odisha,Medium Value
C02276,Customer_02276,Female,48,Guwahati,Assam,Low Value
C02277,Customer_02277,Female,19,Margao,Goa,Medium Value
C02278,Customer_02278,Female,45,Panaji,Goa,Low Value
C02279,Customer_02279,Male,59,Amritsar,Punjab,Medium Value
C02280,Customer_02280,Male,30,Raipur,Chhattisgarh,Medium Value
C02281,Customer_02281,Male,35,Bhubaneswar,Odisha,High Value
C02282,Customer_02282,Female,47,Jamshedpur,Jharkhand,Medium Value
C02283,Customer_02283,Female,28,Ahmedabad,Gujarat,Medium Value
C02284,Customer_02284,Male,30,Durgapur,West Bengal,Low Value
C02285,Customer_02285,Female,41,Ranchi,Jharkhand,High Value
C02286,Customer_02286,Female,46,Ludhiana,Punjab,Medium Value
C02287,Customer_02287,Male,22,Varanasi,Uttar Pradesh,Medium Value
C02288,Customer_02288,Female,52,Faridabad,Haryana,Medium Value
C02289,Customer_02289,Female,36,Guwahati,Assam,Medium Value
C02290,Customer_02290,Male,30,Patna,Bihar,Low Value
C02291,Customer_02291,Female,22,Jodhpur,Rajasthan,Medium Value
C02292,Customer_02292,Female,61,Cuttack,Odisha,Low Value
C02293,Customer_02293,Male,31,Jodhpur,Rajasthan,Low Value
C02294,Customer_02294,Male,55,Cuttack,Odisha,Low Value
C02295,Customer_02295,Other,39,Kolkata,West Bengal,Medium Value
C02296,Customer_02296,Male,26,Amritsar,Punjab,High Value
C02297,Customer_02297,Male,57,Indore,Madhya Pradesh,Medium Value
C02298,Customer_02298,Male,43,Indore,Madhya Pradesh,Low Value
C02299,Customer_02299,Female,62,Gaya,Bihar,High Value
C02300,Customer_02300,Female,22,Guwahati,Assam,Medium Value
C02301,Customer_02301,Female,46,Bengaluru,Karnataka,Low Value
C02302,Customer_02302,Male,39,Gurugram,Haryana,Medium Value
C02303,Customer_02303,Female,20,Panaji,Goa,Medium Value
C02304,Customer_02304,Male,45,Guwahati,Assam,High Value
C02305,Customer_02305,Male,55,Gurugram,Haryana,Medium Value
C02306,Customer_02306,Male,31,Raipur,Chhattisgarh,High Value
C02307,Customer_02307,Male,64,Amritsar,Punjab,Low Value
C02308,Customer_02308,Female,31,Patna,Bihar,Low Value
C02309,Customer_02309,Female,60,Indore,Madhya Pradesh,Low Value
C02310,Customer_02310,Male,28,Madurai,Tamil Nadu,Medium Value
C02311,Customer_02311,Female,26,Thane,Maharashtra,High Value
C02312,Customer_02312,Female,55,Surat,Gujarat,Medium Value
C02313,Customer_02313,Female,64,Raipur,Chhattisgarh,Medium Value
C02314,Customer_02314,Male,61,Durgapur,West Bengal,Medium Value
C02315,Customer_02315,Female,23,Amritsar,Punjab,Medium Value
C02316,Customer_02316,Male,18,Faridabad,Haryana,Medium Value
C02317,Customer_02317,Female,42,Madurai,Tamil Nadu,Medium Value
C02318,Customer_02318,Male,33,Gurugram,Haryana,Low Value
C02319,Customer_02319,Female,32,Jodhpur,Rajasthan,Medium Value
C02320,Customer_02320,Male,51,Kochi,Kerala,Medium Value
C02321,Customer_02321,Male,34,Vijayawada,Andhra Pradesh,Medium Value
C02322,Customer_02322,Female,20,Jaipur,Rajasthan,Medium Value
C02323,Customer_02323,Female,20,Nashik,Maharashtra,Medium Value
C02324,Customer_02324,Female,54,Ludhiana,Punjab,Medium Value
C02325,Customer_02325,Female,34,Coimbatore,Tamil Nadu,Medium Value
C02326,Customer_02326,Male,55,Surat,Gujarat,High Value
C02327,Customer_02327,Female,18,Thane,Maharashtra,Low Value
C02328,Customer_02328,Male,24,New Delhi,Delhi,High Value
C02329,Customer_02329,Male,43,Udaipur,Rajasthan,Medium Value
C02330,Customer_02330,Female,64,Surat,Gujarat,Medium Value
C02331,Customer_02331,Female,56,Kochi,Kerala,Medium Value
C02332,Customer_02332,Female,36,Bengaluru,Karnataka,Low Value
C02333,Customer_02333,Female,47,Indore,Madhya Pradesh,Medium Value
C02334,Customer_02334,Female,60,Kochi,Kerala,Medium Value
C02335,Customer_02335,Male,31,Cuttack,Odisha,High Value
C02336,Customer_02336,Male,30,Durgapur,West Bengal,Low Value
C02337,Customer_02337,Female,37,Mysuru,Karnataka,Medium Value
C02338,Customer_02338,Male,43,Kanpur,Uttar Pradesh,Low Value
C02339,Customer_02339,Male,44,Visakhapatnam,Andhra Pradesh,Medium Value
C02340,Customer_02340,Male,42,Gaya,Bihar,Low Value
C02341,Customer_02341,Female,26,Varanasi,Uttar Pradesh,Low Value
C02342,Customer_02342,Male,58,Panaji,Goa,Low Value
C02343,Customer_02343,Female,65,New Delhi,Delhi,Medium Value
C02344,Customer_02344,Female,29,Kochi,Kerala,Medium Value
C02345,Customer_02345,Male,27,Amritsar,Punjab,Medium Value
C02346,Customer_02346,Female,23,Ranchi,Jharkhand,Medium Value
C02347,Customer_02347,Female,51,Bhubaneswar,Odisha,High Value
C02348,Customer_02348,Female,58,Cuttack,Odisha,Low Value
C02349,Customer_02349,Female,36,Bengaluru,Karnataka,High Value
C02350,Customer_02350,Male,23,Margao,Goa,High Value
C02351,Customer_02351,Female,19,Indore,Madhya Pradesh,Medium Value
C02352,Customer_02352,Male,32,Visakhapatnam,Andhra Pradesh,High Value
C02353,Customer_02353,Female,34,Raipur,Chhattisgarh,Low Value
C02354,Customer_02354,Female,33,Hyderabad,Telangana,Low Value
C02355,Customer_02355,Female,45,Raipur,Chhattisgarh,Low Value
C02356,Customer_02356,Male,38,Chennai,Tamil Nadu,Low Value
C02357,Customer_02357,Male,25,New Delhi,Delhi,Medium Value
C02358,Customer_02358,Male,27,Faridabad,Haryana,Medium Value
C02359,Customer_02359,Male,27,New Delhi,Delhi,Medium Value
C02360,Customer_02360,Male,27,Margao,Goa,High Value
C02361,Customer_02361,Female,26,Kozhikode,Kerala,Medium Value
C02362,Customer_02362,Male,45,Ahmedabad,Gujarat,Low Value
C02363,Customer_02363,Female,41,Coimbatore,Tamil Nadu,Medium Value
C02364,Customer_02364,Male,36,Hyderabad,Telangana,Medium Value
C02365,Customer_02365,Female,50,Jodhpur,Rajasthan,Low Value
C02366,Customer_02366,Female,21,Kolkata,West Bengal,High Value
C02367,Customer_02367,Female,20,Thiruvananthapuram,Kerala,Medium Value
C02368,Customer_02368,Female,59,Hyderabad,Telangana,High Value
C02369,Customer_02369,Male,29,Bhubaneswar,Odisha,Low Value
C02370,Customer_02370,Female,35,Delhi,Delhi,Medium Value
C02371,Customer_02371,Male,40,Gaya,Bihar,Low Value
C02372,Customer_02372,Male,37,Panaji,Goa,Medium Value
C02373,Customer_02373,Female,23,Jamshedpur,Jharkhand,Low Value
C02374,Customer_02374,Female,51,Kolkata,West Bengal,Medium Value
C02375,Customer_02375,Female,59,New Delhi,Delhi,Medium Value
C02376,Customer_02376,Male,19,Bhubaneswar,Odisha,Medium Value
C02377,Customer_02377,Male,47,Surat,Gujarat,Medium Value
C02378,Customer_02378,Male,26,Coimbatore,Tamil Nadu,Medium Value
C02379,Customer_02379,Male,44,Visakhapatnam,Andhra Pradesh,Medium Value
C02380,Customer_02380,Male,59,Margao,Goa,High Value
C02381,Customer_02381,Male,51,New Delhi,Delhi,Medium Value
C02382,Customer_02382,Male,57,Bengaluru,Karnataka,Medium Value
C02383,Customer_02383,Female,41,Guwahati,Assam,Medium Value
C02384,Customer_02384,Male,34,Raipur,Chhattisgarh,Medium Value
C02385,Customer_02385,Female,46,Raipur,Chhattisgarh,Low Value
C02386,Customer_02386,Male,53,Ranchi,Jharkhand,Low Value
C02387,Customer_02387,Female,29,Cuttack,Odisha,Medium Value
C02388,Customer_02388,Male,48,Raipur,Chhattisgarh,Low Value
C02389,Customer_02389,Male,26,Patna,Bihar,High Value
C02390,Customer_02390,Female,36,Ludhiana,Punjab,Low Value
C02391,Customer_02391,Male,63,Warangal,Telangana,Medium Value
C02392,Customer_02392,Female,63,New Delhi,Delhi,Medium Value
C02393,Customer_02393,Male,34,Raipur,Chhattisgarh,High Value
C02394,Customer_02394,Other,19,Vijayawada,Andhra Pradesh,High Value
C02395,Customer_02395,Male,57,Gaya,Bihar,High Value
C02396,Customer_02396,Male,22,Delhi,Delhi,High Value
C02397,Customer_02397,Female,56,Ranchi,Jharkhand,High Value
C02398,Customer_02398,Male,65,Nashik,Maharashtra,Low Value
C02399,Customer_02399,Female,33,Guwahati,Assam,Medium Value
C02400,Customer_02400,Male,34,Margao,Goa,Medium Value
C02401,Customer_02401,Female,44,Jamshedpur,Jharkhand,Low Value
C02402,Customer_02402,Male,24,Faridabad,Haryana,High Value
C02403,Customer_02403,Female,25,Indore,Madhya Pradesh,Low Value
C02404,Customer_02404,Female,25,Gaya,Bihar,Medium Value
C02405,Customer_02405,Male,40,Thane,Maharashtra,Medium Value
C02406,Customer_02406,Male,49,Jamshedpur,Jharkhand,High Value
C02407,Customer_02407,Male,60,Hyderabad,Telangana,High Value
C02408,Customer_02408,Female,64,Delhi,Delhi,Medium Value
C02409,Customer_02409,Male,35,Panaji,Goa,High Value
C02410,Customer_02410,Male,55,Vijayawada,Andhra Pradesh,Medium Value
C02411,Customer_02411,Male,29,Gurugram,Haryana,High Value
C02412,Customer_02412,Male,32,Gurugram,Haryana,Medium Value
C02413,Customer_02413,Female,45,Hyderabad,Telangana,High Value
C02414,Customer_02414,Female,55,Faridabad,Haryana,Low Value
C02415,Customer_02415,Female,48,Bhubaneswar,Odisha,Medium Value
C02416,Customer_02416,Female,26,Indore,Madhya Pradesh,Low Value
C02417,Customer_02417,Female,25,Kolkata,West Bengal,High Value
C02418,Customer_02418,Male,63,Noida,Uttar Pradesh,Low Value
C02419,Customer_02419,Male,36,Vijayawada,Andhra Pradesh,Medium Value
C02420,Customer_02420,Female,25,Chennai,Tamil Nadu,Medium Value
C02421,Customer_02421,Female,51,Panaji,Goa,High Value
C02422,Customer_02422,Female,21,Kochi,Kerala,Medium Value
C02423,Customer_02423,Male,48,Guwahati,Assam,High Value
C02424,Customer_02424,Male,55,Vadodara,Gujarat,Medium Value
C02425,Customer_02425,Male,20,Patna,Bihar,High Value
C02426,Customer_02426,Female,52,Indore,Madhya Pradesh,Medium Value
C02427,Customer_02427,Female,36,Ranchi,Jharkhand,High Value
C02428,Customer_02428,Female,60,Gaya,Bihar,Medium Value
C02429,Customer_02429,Male,46,Hyderabad,Telangana,Medium Value
C02430,Customer_02430,Female,27,Ranchi,Jharkhand,Low Value
C02431,Customer_02431,Male,29,Gaya,Bihar,Medium Value
C02432,Customer_02432,Male,63,Raipur,Chhattisgarh,Low Value
C02433,Customer_02433,Female,47,Raipur,Chhattisgarh,Medium Value
C02434,Customer_02434,Male,47,Kochi,Kerala,Medium Value
C02435,Customer_02435,Male,35,Surat,Gujarat,High Value
C02436,Customer_02436,Female,41,Bhubaneswar,Odisha,High Value
C02437,Customer_02437,Female,49,Raipur,Chhattisgarh,Low Value
C02438,Customer_02438,Male,26,Madurai,Tamil Nadu,Medium Value
C02439,Customer_02439,Female,64,Madurai,Tamil Nadu,Medium Value
C02440,Customer_02440,Male,41,Margao,Goa,Medium Value
C02441,Customer_02441,Female,43,Ranchi,Jharkhand,Medium Value
C02442,Customer_02442,Female,20,Kochi,Kerala,Medium Value
C02443,Customer_02443,Female,40,Chennai,Tamil Nadu,Medium Value
C02444,Customer_02444,Female,28,New Delhi,Delhi,High Value
C02445,Customer_02445,Male,27,Hyderabad,Telangana,Medium Value
C02446,Customer_02446,Male,53,New Delhi,Delhi,Medium Value
C02447,Customer_02447,Male,30,Kolkata,West Bengal,Low Value
C02448,Customer_02448,Male,46,Kolkata,West Bengal,Medium Value
C02449,Customer_02449,Female,55,Guwahati,Assam,Medium Value
C02450,Customer_02450,Male,30,Surat,Gujarat,High Value
C02451,Customer_02451,Male,43,Nagpur,Maharashtra,High Value
C02452,Customer_02452,Male,37,New Delhi,Delhi,Low Value
C02453,Customer_02453,Female,22,Warangal,Telangana,Low Value
C02454,Customer_02454,Male,37,Noida,Uttar Pradesh,Medium Value
C02455,Customer_02455,Female,31,Cuttack,Odisha,Medium Value
C02456,Customer_02456,Male,62,Ludhiana,Punjab,High Value
C02457,Customer_02457,Male,31,Margao,Goa,Low Value
C02458,Customer_02458,Male,25,Delhi,Delhi,High Value
C02459,Customer_02459,Female,65,Ludhiana,Punjab,Low Value
C02460,Customer_02460,Female,30,Kochi,Kerala,Medium Value
C02461,Customer_02461,Female,41,Kolkata,West Bengal,Medium Value
C02462,Customer_02462,Male,32,Vadodara,Gujarat,Low Value
C02463,Customer_02463,Male,18,Bhubaneswar,Odisha,Low Value
C02464,Customer_02464,Female,39,Thiruvananthapuram,Kerala,Medium Value
C02465,Customer_02465,Male,51,Visakhapatnam,Andhra Pradesh,Low Value
C02466,Customer_02466,Female,57,Vijayawada,Andhra Pradesh,Low Value
C02467,Customer_02467,Female,20,Kozhikode,Kerala,Low Value
C02468,Customer_02468,Male,43,Patna,Bihar,Low Value
C02469,Customer_02469,Female,31,Hyderabad,Telangana,Medium Value
C02470,Customer_02470,Male,58,Ludhiana,Punjab,Low Value
C02471,Customer_02471,Male,25,Kanpur,Uttar Pradesh,Low Value
C02472,Customer_02472,Male,33,Patna,Bihar,Medium Value
C02473,Customer_02473,Female,59,Delhi,Delhi,Medium Value
C02474,Customer_02474,Male,38,Indore,Madhya Pradesh,Medium Value
C02475,Customer_02475,Female,27,Panaji,Goa,Low Value
C02476,Customer_02476,Female,42,Guwahati,Assam,Low Value
C02477,Customer_02477,Female,55,Indore,Madhya Pradesh,Medium Value
C02478,Customer_02478,Female,39,New Delhi,Delhi,Medium Value
C02479,Customer_02479,Male,65,Guwahati,Assam,High Value
C02480,Customer_02480,Male,64,Nashik,Maharashtra,High Value
C02481,Customer_02481,Male,63,Durgapur,West Bengal,Medium Value
C02482,Customer_02482,Female,21,Hyderabad,Telangana,Medium Value
C02483,Customer_02483,Other,21,Faridabad,Haryana,Low Value
C02484,Customer_02484,Female,47,Guwahati,Assam,Medium Value
C02485,Customer_02485,Female,19,Bhopal,Madhya Pradesh,Low Value
C02486,Customer_02486,Female,46,Panaji,Goa,High Value
C02487,Customer_02487,Male,60,Gurugram,Haryana,Low Value
C02488,Customer_02488,Female,53,Vijayawada,Andhra Pradesh,Medium Value
C02489,Customer_02489,Female,38,Durgapur,West Bengal,Medium Value
C02490,Customer_02490,Male,38,Kochi,Kerala,Medium Value
C02491,Customer_02491,Female,65,Ludhiana,Punjab,Medium Value
C02492,Customer_02492,Male,38,Cuttack,Odisha,High Value
C02493,Customer_02493,Female,21,Madurai,Tamil Nadu,High Value
C02494,Customer_02494,Female,18,Guwahati,Assam,Low Value
C02495,Customer_02495,Female,43,Coimbatore,Tamil Nadu,Medium Value
C02496,Customer_02496,Male,19,Ahmedabad,Gujarat,Low Value
C02497,Customer_02497,Female,26,Coimbatore,Tamil Nadu,Medium Value
C02498,Customer_02498,Female,62,Jamshedpur,Jharkhand,Low Value
C02499,Customer_02499,Male,35,Raipur,Chhattisgarh,Medium Value
C02500,Customer_02500,Female,65,Raipur,Chhattisgarh,High Value
C02501,Customer_02501,Female,65,Ludhiana,Punjab,Medium Value
C02502,Customer_02502,Female,59,Noida,Uttar Pradesh,Low Value
C02503,Customer_02503,Male,58,Nashik,Maharashtra,Medium Value
C02504,Customer_02504,Male,28,Guwahati,Assam,High Value
C02505,Customer_02505,Female,42,Delhi,Delhi,Medium Value
C02506,Customer_02506,Male,43,Kochi,Kerala,Medium Value
C02507,Customer_02507,Male,53,Durgapur,West Bengal,Medium Value
C02508,Customer_02508,Female,59,Nagpur,Maharashtra,Medium Value
C02509,Customer_02509,Female,52,Ranchi,Jharkhand,Low Value
C02510,Customer_02510,Female,55,Mangaluru,Karnataka,Medium Value
C02511,Customer_02511,Male,20,Indore,Madhya Pradesh,Low Value
C02512,Customer_02512,Male,58,Lucknow,Uttar Pradesh,Medium Value
C02513,Customer_02513,Male,52,Kolkata,West Bengal,Medium Value
C02514,Customer_02514,Male,57,Jamshedpur,Jharkhand,Low Value
C02515,Customer_02515,Female,39,Jamshedpur,Jharkhand,Medium Value
C02516,Customer_02516,Female,25,Bengaluru,Karnataka,Medium Value
C02517,Customer_02517,Female,32,Hyderabad,Telangana,Low Value
C02518,Customer_02518,Male,62,Cuttack,Odisha,High Value
C02519,Customer_02519,Female,24,Warangal,Telangana,Medium Value
C02520,Customer_02520,Male,36,Bengaluru,Karnataka,High Value
C02521,Customer_02521,Male,57,Nagpur,Maharashtra,High Value
C02522,Customer_02522,Female,59,Thiruvananthapuram,Kerala,High Value
C02523,Customer_02523,Female,34,Madurai,Tamil Nadu,High Value
C02524,Customer_02524,Female,18,Mangaluru,Karnataka,Medium Value
C02525,Customer_02525,Male,62,Visakhapatnam,Andhra Pradesh,Low Value
C02526,Customer_02526,Female,46,Bengaluru,Karnataka,Medium Value
C02527,Customer_02527,Female,30,Kochi,Kerala,Medium Value
C02528,Customer_02528,Female,65,Bengaluru,Karnataka,Medium Value
C02529,Customer_02529,Male,46,Visakhapatnam,Andhra Pradesh,Low Value
C02530,Customer_02530,Female,58,Visakhapatnam,Andhra Pradesh,Low Value
C02531,Customer_02531,Female,59,Raipur,Chhattisgarh,Low Value
C02532,Customer_02532,Female,23,Durgapur,West Bengal,Low Value
C02533,Customer_02533,Male,22,Ludhiana,Punjab,High Value
C02534,Customer_02534,Male,51,Gurugram,Haryana,Medium Value
C02535,Customer_02535,Male,28,Jodhpur,Rajasthan,Medium Value
C02536,Customer_02536,Male,26,Warangal,Telangana,Medium Value
C02537,Customer_02537,Female,55,Thiruvananthapuram,Kerala,Medium Value
C02538,Customer_02538,Male,57,Vadodara,Gujarat,High Value
C02539,Customer_02539,Male,58,Raipur,Chhattisgarh,High Value
C02540,Customer_02540,Male,26,Jamshedpur,Jharkhand,Low Value
C02541,Customer_02541,Male,25,Durgapur,West Bengal,Medium Value
C02542,Customer_02542,Male,61,Margao,Goa,Medium Value
C02543,Customer_02543,Female,57,Delhi,Delhi,Medium Value
C02544,Customer_02544,Female,20,Cuttack,Odisha,Medium Value
C02545,Customer_02545,Male,30,Margao,Goa,Medium Value
C02546,Customer_02546,Male,36,Gurugram,Haryana,Medium Value
C02547,Customer_02547,Male,51,Udaipur,Rajasthan,High Value
C02548,Customer_02548,Male,49,Gurugram,Haryana,High Value
C02549,Customer_02549,Female,33,Panaji,Goa,Medium Value
C02550,Customer_02550,Female,53,Bhubaneswar,Odisha,Low Value
C02551,Customer_02551,Female,35,Lucknow,Uttar Pradesh,High Value
C02552,Customer_02552,Female,31,Udaipur,Rajasthan,Medium Value
C02553,Customer_02553,Male,47,Jamshedpur,Jharkhand,Low Value
C02554,Customer_02554,Female,19,Mysuru,Karnataka,Low Value
C02555,Customer_02555,Female,30,Vadodara,Gujarat,High Value
C02556,Customer_02556,Female,44,Udaipur,Rajasthan,Low Value
C02557,Customer_02557,Male,34,Amritsar,Punjab,Low Value
C02558,Customer_02558,Female,48,Nashik,Maharashtra,Low Value
C02559,Customer_02559,Female,32,Thiruvananthapuram,Kerala,Low Value
C02560,Customer_02560,Female,37,Margao,Goa,Low Value
C02561,Customer_02561,Male,22,Surat,Gujarat,Medium Value
C02562,Customer_02562,Female,24,Hyderabad,Telangana,Medium Value
C02563,Customer_02563,Female,35,Kolkata,West Bengal,Medium Value
C02564,Customer_02564,Female,28,Panaji,Goa,Medium Value
C02565,Customer_02565,Female,49,Guwahati,Assam,Medium Value
C02566,Customer_02566,Female,44,Indore,Madhya Pradesh,Low Value
C02567,Customer_02567,Male,43,Raipur,Chhattisgarh,Low Value
C02568,Customer_02568,Female,54,Chennai,Tamil Nadu,Medium Value
C02569,Customer_02569,Male,62,Raipur,Chhattisgarh,Medium Value
C02570,Customer_02570,Female,45,Bhopal,Madhya Pradesh,Medium Value
C02571,Customer_02571,Male,19,Amritsar,Punjab,High Value
C02572,Customer_02572,Female,37,Kozhikode,Kerala,Medium Value
C02573,Customer_02573,Female,21,Jodhpur,Rajasthan,High Value
C02574,Customer_02574,Female,30,Noida,Uttar Pradesh,Medium Value
C02575,Customer_02575,Female,41,Delhi,Delhi,Medium Value
C02576,Customer_02576,Female,65,Chennai,Tamil Nadu,High Value
C02577,Customer_02577,Female,55,Udaipur,Rajasthan,Medium Value
C02578,Customer_02578,Male,57,Varanasi,Uttar Pradesh,Medium Value
C02579,Customer_02579,Male,65,Faridabad,Haryana,Medium Value
C02580,Customer_02580,Male,62,Faridabad,Haryana,Low Value
C02581,Customer_02581,Male,46,Visakhapatnam,Andhra Pradesh,Medium Value
C02582,Customer_02582,Female,53,Cuttack,Odisha,Medium Value
C02583,Customer_02583,Female,19,Jaipur,Rajasthan,Medium Value
C02584,Customer_02584,Female,58,Guwahati,Assam,High Value
C02585,Customer_02585,Male,35,Thiruvananthapuram,Kerala,Low Value
C02586,Customer_02586,Male,25,Panaji,Goa,High Value
C02587,Customer_02587,Female,32,Warangal,Telangana,Low Value
C02588,Customer_02588,Female,58,Amritsar,Punjab,Medium Value
C02589,Customer_02589,Male,34,Mangaluru,Karnataka,Medium Value
C02590,Customer_02590,Female,40,Kolkata,West Bengal,Low Value
C02591,Customer_02591,Female,19,Vijayawada,Andhra Pradesh,Low Value
C02592,Customer_02592,Male,23,Ahmedabad,Gujarat,Low Value
C02593,Customer_02593,Female,46,Gaya,Bihar,Medium Value
C02594,Customer_02594,Male,44,Vadodara,Gujarat,High Value
C02595,Customer_02595,Female,54,Guwahati,Assam,Low Value
C02596,Customer_02596,Male,51,Bhopal,Madhya Pradesh,High Value
C02597,Customer_02597,Male,35,Jodhpur,Rajasthan,Low Value
C02598,Customer_02598,Female,59,Warangal,Telangana,Low Value
C02599,Customer_02599,Male,27,Mumbai,Maharashtra,Low Value
C02600,Customer_02600,Female,55,Mumbai,Maharashtra,Low Value
C02601,Customer_02601,Male,61,Jodhpur,Rajasthan,High Value
C02602,Customer_02602,Male,34,Chennai,Tamil Nadu,Medium Value
C02603,Customer_02603,Male,30,Visakhapatnam,Andhra Pradesh,High Value
C02604,Customer_02604,Female,65,Bhopal,Madhya Pradesh,High Value
C02605,Customer_02605,Female,59,Coimbatore,Tamil Nadu,Medium Value
C02606,Customer_02606,Male,44,New Delhi,Delhi,High Value
C02607,Customer_02607,Female,19,Warangal,Telangana,Low Value
C02608,Customer_02608,Female,51,Cuttack,Odisha,Low Value
C02609,Customer_02609,Female,48,Raipur,Chhattisgarh,Medium Value
C02610,Customer_02610,Female,40,Kanpur,Uttar Pradesh,Medium Value
C02611,Customer_02611,Female,24,Amritsar,Punjab,Low Value
C02612,Customer_02612,Male,55,Bhopal,Madhya Pradesh,Low Value
C02613,Customer_02613,Male,50,Cuttack,Odisha,Low Value
C02614,Customer_02614,Male,29,Visakhapatnam,Andhra Pradesh,Medium Value
C02615,Customer_02615,Male,62,Pune,Maharashtra,Low Value
C02616,Customer_02616,Male,29,Gaya,Bihar,High Value
C02617,Customer_02617,Female,36,Gaya,Bihar,Low Value
C02618,Customer_02618,Male,26,Mangaluru,Karnataka,Low Value
C02619,Customer_02619,Male,27,Delhi,Delhi,Low Value
C02620,Customer_02620,Female,34,Warangal,Telangana,Medium Value
C02621,Customer_02621,Male,57,Coimbatore,Tamil Nadu,Low Value
C02622,Customer_02622,Male,56,Ahmedabad,Gujarat,Medium Value
C02623,Customer_02623,Male,58,Nashik,Maharashtra,Medium Value
C02624,Customer_02624,Female,27,New Delhi,Delhi,Low Value
C02625,Customer_02625,Male,29,Margao,Goa,High Value
C02626,Customer_02626,Male,32,Bengaluru,Karnataka,Medium Value
C02627,Customer_02627,Female,48,Madurai,Tamil Nadu,Low Value
C02628,Customer_02628,Female,32,Vadodara,Gujarat,Low Value
C02629,Customer_02629,Female,45,Varanasi,Uttar Pradesh,Low Value
C02630,Customer_02630,Female,21,Panaji,Goa,High Value
C02631,Customer_02631,Male,53,Hyderabad,Telangana,Low Value
C02632,Customer_02632,Male,18,Guwahati,Assam,High Value
C02633,Customer_02633,Male,61,Hyderabad,Telangana,Low Value
C02634,Customer_02634,Male,51,Raipur,Chhattisgarh,Medium Value
C02635,Customer_02635,Male,64,Ludhiana,Punjab,Low Value
C02636,Customer_02636,Male,34,Bhopal,Madhya Pradesh,Medium Value
C02637,Customer_02637,Female,56,Mysuru,Karnataka,Low Value
C02638,Customer_02638,Female,55,Faridabad,Haryana,Medium Value
C02639,Customer_02639,Male,61,Amritsar,Punjab,Medium Value
C02640,Customer_02640,Female,50,Ludhiana,Punjab,Medium Value
C02641,Customer_02641,Male,38,Kanpur,Uttar Pradesh,Low Value
C02642,Customer_02642,Male,43,Mangaluru,Karnataka,Medium Value
C02643,Customer_02643,Female,63,Surat,Gujarat,High Value
C02644,Customer_02644,Male,53,Amritsar,Punjab,Medium Value
C02645,Customer_02645,Male,22,Vijayawada,Andhra Pradesh,Low Value
C02646,Customer_02646,Male,50,Pune,Maharashtra,Medium Value
C02647,Customer_02647,Female,18,Ahmedabad,Gujarat,Medium Value
C02648,Customer_02648,Female,23,Margao,Goa,Medium Value
C02649,Customer_02649,Male,54,Mangaluru,Karnataka,Low Value
C02650,Customer_02650,Female,19,Noida,Uttar Pradesh,Medium Value
C02651,Customer_02651,Female,22,Raipur,Chhattisgarh,Low Value
C02652,Customer_02652,Female,43,Faridabad,Haryana,Low Value
C02653,Customer_02653,Female,58,Guwahati,Assam,Medium Value
C02654,Customer_02654,Male,64,Bhopal,Madhya Pradesh,Medium Value
C02655,Customer_02655,Male,30,Vijayawada,Andhra Pradesh,Low Value
C02656,Customer_02656,Female,29,Ranchi,Jharkhand,Low Value
C02657,Customer_02657,Female,22,Madurai,Tamil Nadu,Low Value
C02658,Customer_02658,Female,19,Ludhiana,Punjab,Medium Value
C02659,Customer_02659,Female,21,Bhopal,Madhya Pradesh,High Value
C02660,Customer_02660,Female,44,Gurugram,Haryana,Medium Value
C02661,Customer_02661,Female,27,Ahmedabad,Gujarat,Medium Value
C02662,Customer_02662,Female,30,Thane,Maharashtra,Medium Value
C02663,Customer_02663,Female,61,Margao,Goa,Medium Value
C02664,Customer_02664,Female,19,Vijayawada,Andhra Pradesh,High Value
C02665,Customer_02665,Male,43,Mysuru,Karnataka,Medium Value
C02666,Customer_02666,Male,32,Mangaluru,Karnataka,High Value
C02667,Customer_02667,Female,63,Ahmedabad,Gujarat,High Value
C02668,Customer_02668,Female,27,Udaipur,Rajasthan,Low Value
C02669,Customer_02669,Female,39,Gurugram,Haryana,Medium Value
C02670,Customer_02670,Female,57,Kolkata,West Bengal,Medium Value
C02671,Customer_02671,Male,42,Warangal,Telangana,High Value
C02672,Customer_02672,Male,32,Kanpur,Uttar Pradesh,Medium Value
C02673,Customer_02673,Female,30,Panaji,Goa,Medium Value
C02674,Customer_02674,Male,25,Nagpur,Maharashtra,High Value
C02675,Customer_02675,Male,38,Jaipur,Rajasthan,High Value
C02676,Customer_02676,Male,38,Vadodara,Gujarat,Low Value
C02677,Customer_02677,Male,39,New Delhi,Delhi,High Value
C02678,Customer_02678,Female,63,Faridabad,Haryana,High Value
C02679,Customer_02679,Male,50,Warangal,Telangana,Low Value
C02680,Customer_02680,Female,62,Faridabad,Haryana,Medium Value
C02681,Customer_02681,Male,44,Vadodara,Gujarat,Low Value
C02682,Customer_02682,Female,57,Bhubaneswar,Odisha,High Value
C02683,Customer_02683,Male,39,Panaji,Goa,Medium Value
C02684,Customer_02684,Female,47,Cuttack,Odisha,Medium Value
C02685,Customer_02685,Female,26,New Delhi,Delhi,Low Value
C02686,Customer_02686,Male,62,Ludhiana,Punjab,High Value
C02687,Customer_02687,Female,52,Jamshedpur,Jharkhand,Medium Value
C02688,Customer_02688,Female,35,Durgapur,West Bengal,High Value
C02689,Customer_02689,Male,59,Kanpur,Uttar Pradesh,High Value
C02690,Customer_02690,Male,22,Vadodara,Gujarat,Low Value
C02691,Customer_02691,Female,44,Patna,Bihar,High Value
C02692,Customer_02692,Female,23,Faridabad,Haryana,Low Value
C02693,Customer_02693,Male,49,Guwahati,Assam,High Value
C02694,Customer_02694,Male,25,Raipur,Chhattisgarh,Low Value
C02695,Customer_02695,Female,56,Nashik,Maharashtra,Medium Value
C02696,Customer_02696,Female,38,Hyderabad,Telangana,Low Value
C02697,Customer_02697,Female,35,Bengaluru,Karnataka,High Value
C02698,Customer_02698,Male,31,Cuttack,Odisha,Low Value
C02699,Customer_02699,Female,32,Warangal,Telangana,Low Value
C02700,Customer_02700,Male,59,Cuttack,Odisha,Medium Value
C02701,Customer_02701,Male,43,New Delhi,Delhi,Low Value
C02702,Customer_02702,Female,61,Jodhpur,Rajasthan,Medium Value
C02703,Customer_02703,Female,49,Surat,Gujarat,Low Value
C02704,Customer_02704,Male,56,Raipur,Chhattisgarh,Medium Value
C02705,Customer_02705,Male,45,Bhubaneswar,Odisha,Medium Value
C02706,Customer_02706,Female,56,Margao,Goa,Low Value
C02707,Customer_02707,Female,60,Jamshedpur,Jharkhand,Medium Value
C02708,Customer_02708,Female,49,Jaipur,Rajasthan,Medium Value
C02709,Customer_02709,Female,30,Bhubaneswar,Odisha,Low Value
C02710,Customer_02710,Male,32,Hyderabad,Telangana,Medium Value
C02711,Customer_02711,Other,35,Visakhapatnam,Andhra Pradesh,Medium Value
C02712,Customer_02712,Female,56,Raipur,Chhattisgarh,Medium Value
C02713,Customer_02713,Female,23,Cuttack,Odisha,Low Value
C02714,Customer_02714,Female,28,Raipur,Chhattisgarh,Low Value
C02715,Customer_02715,Female,49,Ahmedabad,Gujarat,Low Value
C02716,Customer_02716,Male,57,Kochi,Kerala,Low Value
C02717,Customer_02717,Male,37,Raipur,Chhattisgarh,Medium Value
C02718,Customer_02718,Female,50,Varanasi,Uttar Pradesh,High Value
C02719,Customer_02719,Male,57,Margao,Goa,High Value
C02720,Customer_02720,Male,25,Gaya,Bihar,High Value
C02721,Customer_02721,Female,52,Durgapur,West Bengal,High Value
C02722,Customer_02722,Female,22,Bhubaneswar,Odisha,Low Value
C02723,Customer_02723,Male,52,Noida,Uttar Pradesh,Low Value
C02724,Customer_02724,Female,64,Raipur,Chhattisgarh,Medium Value
C02725,Customer_02725,Female,31,Faridabad,Haryana,Low Value
C02726,Customer_02726,Female,38,Margao,Goa,Low Value
C02727,Customer_02727,Female,64,Bhubaneswar,Odisha,Low Value
C02728,Customer_02728,Male,41,Hyderabad,Telangana,Medium Value
C02729,Customer_02729,Male,34,New Delhi,Delhi,High Value
C02730,Customer_02730,Male,35,Jodhpur,Rajasthan,Medium Value
C02731,Customer_02731,Female,51,Ranchi,Jharkhand,High Value
C02732,Customer_02732,Female,29,Varanasi,Uttar Pradesh,Medium Value
C02733,Customer_02733,Female,33,Pune,Maharashtra,Low Value
C02734,Customer_02734,Female,21,Margao,Goa,Medium Value
C02735,Customer_02735,Female,42,Cuttack,Odisha,High Value
C02736,Customer_02736,Female,51,Indore,Madhya Pradesh,Medium Value
C02737,Customer_02737,Male,45,Vadodara,Gujarat,Medium Value
C02738,Customer_02738,Male,63,Noida,Uttar Pradesh,High Value
C02739,Customer_02739,Female,28,Bhubaneswar,Odisha,High Value
C02740,Customer_02740,Male,30,Lucknow,Uttar Pradesh,Low Value
C02741,Customer_02741,Male,48,New Delhi,Delhi,Medium Value
C02742,Customer_02742,Female,42,New Delhi,Delhi,Low Value
C02743,Customer_02743,Male,56,Jaipur,Rajasthan,Medium Value
C02744,Customer_02744,Female,27,Bengaluru,Karnataka,Medium Value
C02745,Customer_02745,Male,41,Varanasi,Uttar Pradesh,Medium Value
C02746,Customer_02746,Male,18,Cuttack,Odisha,Low Value
C02747,Customer_02747,Male,42,Lucknow,Uttar Pradesh,Low Value
C02748,Customer_02748,Female,45,Visakhapatnam,Andhra Pradesh,Medium Value
C02749,Customer_02749,Male,53,Jamshedpur,Jharkhand,High Value
C02750,Customer_02750,Female,35,Vijayawada,Andhra Pradesh,High Value
C02751,Customer_02751,Female,23,Amritsar,Punjab,Low Value
C02752,Customer_02752,Female,19,Ahmedabad,Gujarat,Medium Value
C02753,Customer_02753,Male,20,Indore,Madhya Pradesh,High Value
C02754,Customer_02754,Male,63,Bhubaneswar,Odisha,Medium Value
C02755,Customer_02755,Female,25,Guwahati,Assam,Medium Value
C02756,Customer_02756,Female,48,Chennai,Tamil Nadu,Low Value
C02757,Customer_02757,Other,65,Vijayawada,Andhra Pradesh,Medium Value
C02758,Customer_02758,Male,36,Panaji,Goa,High Value
C02759,Customer_02759,Female,23,Coimbatore,Tamil Nadu,High Value
C02760,Customer_02760,Male,31,Vadodara,Gujarat,Medium Value
C02761,Customer_02761,Male,20,Ludhiana,Punjab,High Value
C02762,Customer_02762,Male,65,Pune,Maharashtra,Low Value
C02763,Customer_02763,Male,18,Kanpur,Uttar Pradesh,Medium Value
C02764,Customer_02764,Male,61,Varanasi,Uttar Pradesh,Medium Value
C02765,Customer_02765,Male,47,Delhi,Delhi,Medium Value
C02766,Customer_02766,Female,63,Vadodara,Gujarat,Low Value
C02767,Customer_02767,Male,36,Jamshedpur,Jharkhand,Medium Value
C02768,Customer_02768,Female,36,Mangaluru,Karnataka,Low Value
C02769,Customer_02769,Male,26,Nagpur,Maharashtra,Medium Value
C02770,Customer_02770,Male,24,Jaipur,Rajasthan,Low Value
C02771,Customer_02771,Male,63,Patna,Bihar,Low Value
C02772,Customer_02772,Male,54,Gurugram,Haryana,High Value
C02773,Customer_02773,Female,58,Udaipur,Rajasthan,High Value
C02774,Customer_02774,Male,24,Amritsar,Punjab,Low Value
C02775,Customer_02775,Female,26,Ludhiana,Punjab,Low Value
C02776,Customer_02776,Male,21,Bhubaneswar,Odisha,Low Value
C02777,Customer_02777,Female,42,Faridabad,Haryana,Low Value
C02778,Customer_02778,Female,29,Faridabad,Haryana,Medium Value
C02779,Customer_02779,Male,23,Lucknow,Uttar Pradesh,Medium Value
C02780,Customer_02780,Male,35,Raipur,Chhattisgarh,Low Value
C02781,Customer_02781,Male,57,Margao,Goa,Low Value
C02782,Customer_02782,Female,38,Udaipur,Rajasthan,Medium Value
C02783,Customer_02783,Male,32,Raipur,Chhattisgarh,Medium Value
C02784,Customer_02784,Female,20,Warangal,Telangana,Medium Value
C02785,Customer_02785,Female,19,Panaji,Goa,Medium Value
C02786,Customer_02786,Female,58,Raipur,Chhattisgarh,Medium Value
C02787,Customer_02787,Female,57,Delhi,Delhi,Medium Value
C02788,Customer_02788,Female,21,Kolkata,West Bengal,High Value
C02789,Customer_02789,Male,49,New Delhi,Delhi,Low Value
C02790,Customer_02790,Female,19,Ludhiana,Punjab,Low Value
C02791,Customer_02791,Female,63,Patna,Bihar,Low Value
C02792,Customer_02792,Male,46,Vadodara,Gujarat,Low Value
C02793,Customer_02793,Female,19,Amritsar,Punjab,Medium Value
C02794,Customer_02794,Male,51,Bengaluru,Karnataka,Low Value
C02795,Customer_02795,Female,44,Mangaluru,Karnataka,Medium Value
C02796,Customer_02796,Female,56,Noida,Uttar Pradesh,Low Value
C02797,Customer_02797,Male,61,Pune,Maharashtra,High Value
C02798,Customer_02798,Female,55,Udaipur,Rajasthan,Low Value
C02799,Customer_02799,Male,35,Warangal,Telangana,Medium Value
C02800,Customer_02800,Male,53,Hyderabad,Telangana,High Value
C02801,Customer_02801,Male,36,Guwahati,Assam,Medium Value
C02802,Customer_02802,Female,44,Ranchi,Jharkhand,Medium Value
C02803,Customer_02803,Male,62,Amritsar,Punjab,Medium Value
C02804,Customer_02804,Male,37,Hyderabad,Telangana,Medium Value
C02805,Customer_02805,Female,38,Jaipur,Rajasthan,Low Value
C02806,Customer_02806,Male,40,Raipur,Chhattisgarh,Medium Value
C02807,Customer_02807,Male,47,Kochi,Kerala,Medium Value
C02808,Customer_02808,Male,42,Mumbai,Maharashtra,Medium Value
C02809,Customer_02809,Male,48,Gaya,Bihar,Medium Value
C02810,Customer_02810,Male,44,Ranchi,Jharkhand,Low Value
C02811,Customer_02811,Male,51,Surat,Gujarat,Medium Value
C02812,Customer_02812,Female,25,Udaipur,Rajasthan,Low Value
C02813,Customer_02813,Female,36,Bhubaneswar,Odisha,Medium Value
C02814,Customer_02814,Male,58,Ahmedabad,Gujarat,Low Value
C02815,Customer_02815,Male,43,Visakhapatnam,Andhra Pradesh,Low Value
C02816,Customer_02816,Male,45,Gaya,Bihar,Low Value
C02817,Customer_02817,Female,21,Margao,Goa,High Value
C02818,Customer_02818,Male,48,Jamshedpur,Jharkhand,Medium Value
C02819,Customer_02819,Male,33,Patna,Bihar,Medium Value
C02820,Customer_02820,Female,27,Hyderabad,Telangana,Low Value
C02821,Customer_02821,Male,55,Jamshedpur,Jharkhand,High Value
C02822,Customer_02822,Male,65,Bhubaneswar,Odisha,Low Value
C02823,Customer_02823,Female,27,Ranchi,Jharkhand,High Value
C02824,Customer_02824,Female,62,Udaipur,Rajasthan,High Value
C02825,Customer_02825,Male,26,Indore,Madhya Pradesh,High Value
C02826,Customer_02826,Female,56,Margao,Goa,Medium Value
C02827,Customer_02827,Male,53,Nagpur,Maharashtra,Low Value
C02828,Customer_02828,Female,53,Durgapur,West Bengal,Medium Value
C02829,Customer_02829,Male,36,Jamshedpur,Jharkhand,Medium Value
C02830,Customer_02830,Female,36,Thiruvananthapuram,Kerala,High Value
C02831,Customer_02831,Female,29,Indore,Madhya Pradesh,Medium Value
C02832,Customer_02832,Female,30,Lucknow,Uttar Pradesh,High Value
C02833,Customer_02833,Female,42,Varanasi,Uttar Pradesh,Medium Value
C02834,Customer_02834,Female,53,Coimbatore,Tamil Nadu,Low Value
C02835,Customer_02835,Male,42,Jamshedpur,Jharkhand,Medium Value
C02836,Customer_02836,Male,45,Noida,Uttar Pradesh,High Value
C02837,Customer_02837,Female,59,Jamshedpur,Jharkhand,High Value
C02838,Customer_02838,Female,56,Raipur,Chhattisgarh,Low Value
C02839,Customer_02839,Male,47,Durgapur,West Bengal,Low Value
C02840,Customer_02840,Female,22,Kanpur,Uttar Pradesh,Low Value
C02841,Customer_02841,Female,34,Durgapur,West Bengal,Low Value
C02842,Customer_02842,Female,35,Patna,Bihar,Low Value
C02843,Customer_02843,Female,60,Indore,Madhya Pradesh,Medium Value
C02844,Customer_02844,Male,64,Cuttack,Odisha,Medium Value
C02845,Customer_02845,Male,38,Raipur,Chhattisgarh,High Value
C02846,Customer_02846,Male,39,Indore,Madhya Pradesh,Medium Value
C02847,Customer_02847,Male,56,Patna,Bihar,Low Value
C02848,Customer_02848,Female,23,Bhubaneswar,Odisha,Low Value
C02849,Customer_02849,Female,33,Gaya,Bihar,Medium Value
C02850,Customer_02850,Female,19,Thane,Maharashtra,Medium Value
C02851,Customer_02851,Female,18,Jodhpur,Rajasthan,Low Value
C02852,Customer_02852,Male,47,Ludhiana,Punjab,Medium Value
C02853,Customer_02853,Male,60,Raipur,Chhattisgarh,Medium Value
C02854,Customer_02854,Male,54,Amritsar,Punjab,Low Value
C02855,Customer_02855,Male,65,Jaipur,Rajasthan,High Value
C02856,Customer_02856,Female,40,Jodhpur,Rajasthan,Low Value
C02857,Customer_02857,Male,18,Gaya,Bihar,Low Value
C02858,Customer_02858,Male,36,Amritsar,Punjab,Medium Value
C02859,Customer_02859,Male,63,Visakhapatnam,Andhra Pradesh,Medium Value
C02860,Customer_02860,Female,20,Nagpur,Maharashtra,Low Value
C02861,Customer_02861,Male,19,Gaya,Bihar,Medium Value
C02862,Customer_02862,Female,54,Durgapur,West Bengal,High Value
C02863,Customer_02863,Male,34,Madurai,Tamil Nadu,Low Value
C02864,Customer_02864,Female,45,Udaipur,Rajasthan,Medium Value
C02865,Customer_02865,Male,35,Bhubaneswar,Odisha,Medium Value
C02866,Customer_02866,Female,50,Patna,Bihar,Medium Value
C02867,Customer_02867,Female,32,Gurugram,Haryana,Medium Value
C02868,Customer_02868,Female,39,Jamshedpur,Jharkhand,Medium Value
C02869,Customer_02869,Female,58,Gurugram,Haryana,Medium Value
C02870,Customer_02870,Male,44,Panaji,Goa,Medium Value
C02871,Customer_02871,Male,54,Guwahati,Assam,Medium Value
C02872,Customer_02872,Male,49,Guwahati,Assam,Low Value
C02873,Customer_02873,Female,62,Mysuru,Karnataka,Low Value
C02874,Customer_02874,Male,36,New Delhi,Delhi,High Value
C02875,Customer_02875,Male,45,Pune,Maharashtra,High Value
C02876,Customer_02876,Female,45,Delhi,Delhi,Medium Value
C02877,Customer_02877,Female,27,Guwahati,Assam,Medium Value
C02878,Customer_02878,Male,37,Madurai,Tamil Nadu,Low Value
C02879,Customer_02879,Female,42,Raipur,Chhattisgarh,Medium Value
C02880,Customer_02880,Female,38,Gurugram,Haryana,Medium Value
C02881,Customer_02881,Male,31,Jaipur,Rajasthan,Medium Value
C02882,Customer_02882,Male,39,Margao,Goa,Low Value
C02883,Customer_02883,Female,43,Ranchi,Jharkhand,Low Value
C02884,Customer_02884,Female,61,Thane,Maharashtra,Medium Value
C02885,Customer_02885,Male,28,Amritsar,Punjab,Medium Value
C02886,Customer_02886,Male,24,Raipur,Chhattisgarh,High Value
C02887,Customer_02887,Female,34,Gurugram,Haryana,Medium Value
C02888,Customer_02888,Female,35,Noida,Uttar Pradesh,High Value
C02889,Customer_02889,Female,24,Durgapur,West Bengal,Low Value
C02890,Customer_02890,Male,37,Mysuru,Karnataka,Medium Value
C02891,Customer_02891,Male,55,Noida,Uttar Pradesh,Low Value
C02892,Customer_02892,Female,28,Kochi,Kerala,Low Value
C02893,Customer_02893,Male,61,Mangaluru,Karnataka,High Value
C02894,Customer_02894,Other,33,Raipur,Chhattisgarh,Low Value
C02895,Customer_02895,Female,44,Indore,Madhya Pradesh,Low Value
C02896,Customer_02896,Male,28,Gaya,Bihar,Medium Value
C02897,Customer_02897,Female,33,Thiruvananthapuram,Kerala,Medium Value
C02898,Customer_02898,Male,40,Bhubaneswar,Odisha,Medium Value
C02899,Customer_02899,Female,29,Guwahati,Assam,Low Value
C02900,Customer_02900,Male,57,Raipur,Chhattisgarh,Medium Value
C02901,Customer_02901,Male,20,Noida,Uttar Pradesh,Medium Value
C02902,Customer_02902,Female,19,Kolkata,West Bengal,High Value
C02903,Customer_02903,Female,55,Ahmedabad,Gujarat,High Value
C02904,Customer_02904,Male,65,Panaji,Goa,High Value
C02905,Customer_02905,Female,41,Hyderabad,Telangana,High Value
C02906,Customer_02906,Male,46,Mysuru,Karnataka,Medium Value
C02907,Customer_02907,Male,64,Warangal,Telangana,High Value
C02908,Customer_02908,Male,63,Surat,Gujarat,High Value
C02909,Customer_02909,Male,51,Visakhapatnam,Andhra Pradesh,Low Value
C02910,Customer_02910,Male,37,Jodhpur,Rajasthan,Low Value
C02911,Customer_02911,Male,35,Mangaluru,Karnataka,Low Value
C02912,Customer_02912,Male,31,Jamshedpur,Jharkhand,Low Value
C02913,Customer_02913,Male,35,Noida,Uttar Pradesh,High Value
C02914,Customer_02914,Male,19,Ludhiana,Punjab,High Value
C02915,Customer_02915,Female,18,Vadodara,Gujarat,Medium Value
C02916,Customer_02916,Male,37,Indore,Madhya Pradesh,Low Value
C02917,Customer_02917,Female,51,Nagpur,Maharashtra,Low Value
C02918,Customer_02918,Female,58,Patna,Bihar,Medium Value
C02919,Customer_02919,Female,58,Faridabad,Haryana,High Value
C02920,Customer_02920,Female,65,Madurai,Tamil Nadu,Medium Value
C02921,Customer_02921,Female,28,Ranchi,Jharkhand,Medium Value
C02922,Customer_02922,Male,44,Hyderabad,Telangana,Medium Value
C02923,Customer_02923,Female,40,Indore,Madhya Pradesh,Low Value
C02924,Customer_02924,Female,55,Guwahati,Assam,Medium Value
C02925,Customer_02925,Female,61,Delhi,Delhi,Low Value
C02926,Customer_02926,Female,20,Vadodara,Gujarat,Medium Value
C02927,Customer_02927,Male,29,Patna,Bihar,Medium Value
C02928,Customer_02928,Female,47,Noida,Uttar Pradesh,Low Value
C02929,Customer_02929,Female,48,Warangal,Telangana,Medium Value
C02930,Customer_02930,Male,40,Amritsar,Punjab,Medium Value
C02931,Customer_02931,Male,18,Mysuru,Karnataka,Low Value
C02932,Customer_02932,Female,58,Ahmedabad,Gujarat,Low Value
C02933,Customer_02933,Female,37,Surat,Gujarat,High Value
C02934,Customer_02934,Female,23,Ludhiana,Punjab,Medium Value
C02935,Customer_02935,Female,28,Gurugram,Haryana,Medium Value
C02936,Customer_02936,Male,52,Kanpur,Uttar Pradesh,Low Value
C02937,Customer_02937,Male,21,Udaipur,Rajasthan,Low Value
C02938,Customer_02938,Male,46,Bhopal,Madhya Pradesh,High Value
C02939,Customer_02939,Male,27,Vijayawada,Andhra Pradesh,High Value
C02940,Customer_02940,Male,46,New Delhi,Delhi,Low Value
C02941,Customer_02941,Male,55,Pune,Maharashtra,Medium Value
C02942,Customer_02942,Female,18,Durgapur,West Bengal,Medium Value
C02943,Customer_02943,Female,57,Mysuru,Karnataka,High Value
C02944,Customer_02944,Male,25,Chennai,Tamil Nadu,Medium Value
C02945,Customer_02945,Male,55,Kolkata,West Bengal,Low Value
C02946,Customer_02946,Male,34,New Delhi,Delhi,Medium Value
C02947,Customer_02947,Female,36,Coimbatore,Tamil Nadu,Medium Value
C02948,Customer_02948,Male,50,Mumbai,Maharashtra,Low Value
C02949,Customer_02949,Male,32,Nagpur,Maharashtra,High Value
C02950,Customer_02950,Female,62,Faridabad,Haryana,High Value
C02951,Customer_02951,Female,48,Panaji,Goa,Low Value
C02952,Customer_02952,Male,38,Raipur,Chhattisgarh,Low Value
C02953,Customer_02953,Male,20,Thiruvananthapuram,Kerala,Medium Value
C02954,Customer_02954,Male,19,Guwahati,Assam,Medium Value
C02955,Customer_02955,Female,52,Surat,Gujarat,Medium Value
C02956,Customer_02956,Female,58,Indore,Madhya Pradesh,Medium Value
C02957,Customer_02957,Male,33,Gurugram,Haryana,High Value
C02958,Customer_02958,Female,62,Indore,Madhya Pradesh,Medium Value
C02959,Customer_02959,Male,38,Jamshedpur,Jharkhand,High Value
C02960,Customer_02960,Male,29,Jamshedpur,Jharkhand,Low Value
C02961,Customer_02961,Male,45,Hyderabad,Telangana,Medium Value
C02962,Customer_02962,Female,29,Coimbatore,Tamil Nadu,Medium Value
C02963,Customer_02963,Male,50,Jaipur,Rajasthan,High Value
C02964,Customer_02964,Male,37,Mysuru,Karnataka,High Value
C02965,Customer_02965,Male,57,Visakhapatnam,Andhra Pradesh,Low Value
C02966,Customer_02966,Male,38,Panaji,Goa,Low Value
C02967,Customer_02967,Female,56,Amritsar,Punjab,Low Value
C02968,Customer_02968,Male,58,Hyderabad,Telangana,Low Value
C02969,Customer_02969,Male,59,Thane,Maharashtra,High Value
C02970,Customer_02970,Female,53,New Delhi,Delhi,Low Value
C02971,Customer_02971,Female,39,Jamshedpur,Jharkhand,High Value
C02972,Customer_02972,Female,43,Patna,Bihar,High Value
C02973,Customer_02973,Female,24,Guwahati,Assam,Low Value
C02974,Customer_02974,Male,24,Madurai,Tamil Nadu,Low Value
C02975,Customer_02975,Female,25,Ahmedabad,Gujarat,Low Value
C02976,Customer_02976,Female,43,Bhopal,Madhya Pradesh,Low Value
C02977,Customer_02977,Male,41,Gaya,Bihar,Low Value
C02978,Customer_02978,Female,41,New Delhi,Delhi,High Value
C02979,Customer_02979,Male,57,Bhubaneswar,Odisha,Low Value
C02980,Customer_02980,Other,65,Indore,Madhya Pradesh,Medium Value
C02981,Customer_02981,Female,29,Thiruvananthapuram,Kerala,Low Value
C02982,Customer_02982,Female,64,Raipur,Chhattisgarh,Low Value
C02983,Customer_02983,Female,25,Guwahati,Assam,Medium Value
C02984,Customer_02984,Female,26,Warangal,Telangana,Low Value
C02985,Customer_02985,Male,20,Gurugram,Haryana,Medium Value
C02986,Customer_02986,Male,38,Thiruvananthapuram,Kerala,Low Value
C02987,Customer_02987,Male,48,Coimbatore,Tamil Nadu,High Value
C02988,Customer_02988,Male,65,Coimbatore,Tamil Nadu,Medium Value
C02989,Customer_02989,Female,64,Thiruvananthapuram,Kerala,High Value
C02990,Customer_02990,Male,41,Madurai,Tamil Nadu,Medium Value
C02991,Customer_02991,Male,21,Surat,Gujarat,Medium Value
C02992,Customer_02992,Female,37,Warangal,Telangana,High Value
C02993,Customer_02993,Female,33,New Delhi,Delhi,Medium Value
C02994,Customer_02994,Male,27,Guwahati,Assam,Medium Value
C02995,Customer_02995,Male,60,Noida,Uttar Pradesh,High Value
C02996,Customer_02996,Male,43,Jamshedpur,Jharkhand,Medium Value
C02997,Customer_02997,Female,46,Gaya,Bihar,Low Value
C02998,Customer_02998,Male,22,Gurugram,Haryana,High Value
C02999,Customer_02999,Female,28,Panaji,Goa,Medium Value
C03000,Customer_03000,Male,46,Ranchi,Jharkhand,High Value
C03001,Customer_03001,Male,62,Gaya,Bihar,High Value
C03002,Customer_03002,Female,32,Vijayawada,Andhra Pradesh,Low Value
C03003,Customer_03003,Male,23,New Delhi,Delhi,Medium Value
C03004,Customer_03004,Male,65,Madurai,Tamil Nadu,Medium Value
C03005,Customer_03005,Male,32,Coimbatore,Tamil Nadu,High Value
C03006,Customer_03006,Male,60,Noida,Uttar Pradesh,Low Value
C03007,Customer_03007,Female,37,Ranchi,Jharkhand,Low Value
C03008,Customer_03008,Male,51,Gaya,Bihar,High Value
C03009,Customer_03009,Male,19,Mysuru,Karnataka,High Value
C03010,Customer_03010,Male,61,Gaya,Bihar,High Value
C03011,Customer_03011,Female,33,Raipur,Chhattisgarh,Low Value
C03012,Customer_03012,Female,36,Vadodara,Gujarat,High Value
C03013,Customer_03013,Female,51,Thiruvananthapuram,Kerala,Medium Value
C03014,Customer_03014,Female,31,Bengaluru,Karnataka,High Value
C03015,Customer_03015,Male,41,Patna,Bihar,High Value
C03016,Customer_03016,Male,45,Raipur,Chhattisgarh,High Value
C03017,Customer_03017,Male,65,Jamshedpur,Jharkhand,Medium Value
C03018,Customer_03018,Male,49,Bhubaneswar,Odisha,High Value
C03019,Customer_03019,Male,54,Ludhiana,Punjab,Medium Value
C03020,Customer_03020,Female,27,Amritsar,Punjab,Medium Value
C03021,Customer_03021,Female,62,Bhopal,Madhya Pradesh,Medium Value
C03022,Customer_03022,Female,65,Durgapur,West Bengal,Low Value
C03023,Customer_03023,Male,26,New Delhi,Delhi,Low Value
C03024,Customer_03024,Female,41,Raipur,Chhattisgarh,Low Value
C03025,Customer_03025,Female,53,Nashik,Maharashtra,Low Value
C03026,Customer_03026,Female,46,Ahmedabad,Gujarat,Medium Value
C03027,Customer_03027,Male,46,Gaya,Bihar,High Value
C03028,Customer_03028,Male,65,Gurugram,Haryana,Medium Value
C03029,Customer_03029,Male,40,Mysuru,Karnataka,Medium Value
C03030,Customer_03030,Male,44,Indore,Madhya Pradesh,Medium Value
C03031,Customer_03031,Female,48,New Delhi,Delhi,High Value
C03032,Customer_03032,Male,60,Raipur,Chhattisgarh,Medium Value
C03033,Customer_03033,Male,24,Ranchi,Jharkhand,Low Value
C03034,Customer_03034,Female,62,Ahmedabad,Gujarat,Medium Value
C03035,Customer_03035,Female,21,Guwahati,Assam,Low Value
C03036,Customer_03036,Male,31,Udaipur,Rajasthan,Medium Value
C03037,Customer_03037,Female,59,Raipur,Chhattisgarh,High Value
C03038,Customer_03038,Male,59,Coimbatore,Tamil Nadu,Medium Value
C03039,Customer_03039,Male,27,Kolkata,West Bengal,Medium Value
C03040,Customer_03040,Male,61,Udaipur,Rajasthan,Medium Value
C03041,Customer_03041,Female,51,Chennai,Tamil Nadu,Medium Value
C03042,Customer_03042,Female,43,Ranchi,Jharkhand,Medium Value
C03043,Customer_03043,Male,40,Chennai,Tamil Nadu,High Value
C03044,Customer_03044,Female,26,New Delhi,Delhi,Medium Value
C03045,Customer_03045,Male,54,Raipur,Chhattisgarh,Medium Value
C03046,Customer_03046,Female,25,Bengaluru,Karnataka,Low Value
C03047,Customer_03047,Male,31,Indore,Madhya Pradesh,Medium Value
C03048,Customer_03048,Male,24,Patna,Bihar,Low Value
C03049,Customer_03049,Female,24,Faridabad,Haryana,Medium Value
C03050,Customer_03050,Female,26,Ludhiana,Punjab,High Value
C03051,Customer_03051,Male,20,Bhopal,Madhya Pradesh,Medium Value
C03052,Customer_03052,Male,31,Kolkata,West Bengal,Medium Value
C03053,Customer_03053,Male,34,Madurai,Tamil Nadu,Low Value
C03054,Customer_03054,Male,61,Ranchi,Jharkhand,Low Value
C03055,Customer_03055,Female,39,Panaji,Goa,Low Value
C03056,Customer_03056,Female,63,Varanasi,Uttar Pradesh,Low Value
C03057,Customer_03057,Male,43,Cuttack,Odisha,Medium Value
C03058,Customer_03058,Male,45,Amritsar,Punjab,Low Value
C03059,Customer_03059,Female,62,Hyderabad,Telangana,Medium Value
C03060,Customer_03060,Male,31,Ranchi,Jharkhand,Low Value
C03061,Customer_03061,Female,26,Raipur,Chhattisgarh,Medium Value
C03062,Customer_03062,Male,43,Raipur,Chhattisgarh,Medium Value
C03063,Customer_03063,Female,19,Visakhapatnam,Andhra Pradesh,Medium Value
C03064,Customer_03064,Female,28,Amritsar,Punjab,High Value
C03065,Customer_03065,Female,34,Ludhiana,Punjab,Medium Value
C03066,Customer_03066,Female,51,Margao,Goa,Low Value
C03067,Customer_03067,Male,36,Warangal,Telangana,Medium Value
C03068,Customer_03068,Female,56,New Delhi,Delhi,Medium Value
C03069,Customer_03069,Female,35,Hyderabad,Telangana,Medium Value
C03070,Customer_03070,Male,30,Bhopal,Madhya Pradesh,Low Value
C03071,Customer_03071,Male,22,Pune,Maharashtra,Medium Value
C03072,Customer_03072,Male,40,Gurugram,Haryana,Low Value
C03073,Customer_03073,Male,41,Indore,Madhya Pradesh,Low Value
C03074,Customer_03074,Male,46,Raipur,Chhattisgarh,Low Value
C03075,Customer_03075,Female,65,Guwahati,Assam,High Value
C03076,Customer_03076,Male,64,Ranchi,Jharkhand,Medium Value
C03077,Customer_03077,Female,25,Raipur,Chhattisgarh,Low Value
C03078,Customer_03078,Male,43,Bhubaneswar,Odisha,Low Value
C03079,Customer_03079,Male,32,Guwahati,Assam,Low Value
C03080,Customer_03080,Male,18,Raipur,Chhattisgarh,Medium Value
C03081,Customer_03081,Female,45,Gurugram,Haryana,Medium Value
C03082,Customer_03082,Male,64,Gurugram,Haryana,High Value
C03083,Customer_03083,Male,63,Delhi,Delhi,Low Value
C03084,Customer_03084,Male,31,Durgapur,West Bengal,Low Value
C03085,Customer_03085,Female,59,Gaya,Bihar,High Value
C03086,Customer_03086,Female,51,Ahmedabad,Gujarat,Medium Value
C03087,Customer_03087,Male,48,Vijayawada,Andhra Pradesh,Medium Value
C03088,Customer_03088,Female,23,Lucknow,Uttar Pradesh,Low Value
C03089,Customer_03089,Female,22,Jodhpur,Rajasthan,High Value
C03090,Customer_03090,Male,48,Margao,Goa,Medium Value
C03091,Customer_03091,Female,54,Patna,Bihar,High Value
C03092,Customer_03092,Female,32,Jamshedpur,Jharkhand,Medium Value
C03093,Customer_03093,Male,32,Jamshedpur,Jharkhand,Low Value
C03094,Customer_03094,Male,60,Ranchi,Jharkhand,Low Value
C03095,Customer_03095,Male,22,Pune,Maharashtra,Low Value
C03096,Customer_03096,Male,45,Udaipur,Rajasthan,Low Value
C03097,Customer_03097,Female,50,Raipur,Chhattisgarh,Medium Value
C03098,Customer_03098,Male,28,Warangal,Telangana,Low Value
C03099,Customer_03099,Female,60,Surat,Gujarat,Low Value
C03100,Customer_03100,Female,23,Madurai,Tamil Nadu,Low Value
C03101,Customer_03101,Female,40,Gaya,Bihar,Medium Value
C03102,Customer_03102,Female,57,Faridabad,Haryana,Low Value
C03103,Customer_03103,Male,19,Cuttack,Odisha,Low Value
C03104,Customer_03104,Male,32,Visakhapatnam,Andhra Pradesh,High Value
C03105,Customer_03105,Female,40,Guwahati,Assam,Medium Value
C03106,Customer_03106,Male,39,Bhopal,Madhya Pradesh,Low Value
C03107,Customer_03107,Male,26,Vadodara,Gujarat,Low Value
C03108,Customer_03108,Female,64,Kochi,Kerala,Medium Value
C03109,Customer_03109,Female,57,Kochi,Kerala,Medium Value
C03110,Customer_03110,Male,47,Visakhapatnam,Andhra Pradesh,Medium Value
C03111,Customer_03111,Female,33,Ludhiana,Punjab,Medium Value
C03112,Customer_03112,Female,63,Bengaluru,Karnataka,Low Value
C03113,Customer_03113,Male,64,Lucknow,Uttar Pradesh,High Value
C03114,Customer_03114,Male,47,Ahmedabad,Gujarat,Medium Value
C03115,Customer_03115,Female,62,Faridabad,Haryana,Low Value
C03116,Customer_03116,Male,26,Ahmedabad,Gujarat,Medium Value
C03117,Customer_03117,Male,18,Raipur,Chhattisgarh,Low Value
C03118,Customer_03118,Female,55,Guwahati,Assam,Medium Value
C03119,Customer_03119,Female,25,Jodhpur,Rajasthan,Low Value
C03120,Customer_03120,Male,35,Ranchi,Jharkhand,Low Value
C03121,Customer_03121,Male,44,Udaipur,Rajasthan,Medium Value
C03122,Customer_03122,Male,35,Kolkata,West Bengal,Low Value
C03123,Customer_03123,Other,49,Kolkata,West Bengal,Low Value
C03124,Customer_03124,Male,49,Surat,Gujarat,Low Value
C03125,Customer_03125,Female,65,Nashik,Maharashtra,Medium Value
C03126,Customer_03126,Female,62,New Delhi,Delhi,Medium Value
C03127,Customer_03127,Male,53,Coimbatore,Tamil Nadu,Medium Value
C03128,Customer_03128,Female,53,Thane,Maharashtra,Medium Value
C03129,Customer_03129,Female,38,Gurugram,Haryana,Medium Value
C03130,Customer_03130,Female,63,Madurai,Tamil Nadu,Medium Value
C03131,Customer_03131,Male,49,Gaya,Bihar,Low Value
C03132,Customer_03132,Female,48,Jodhpur,Rajasthan,Medium Value
C03133,Customer_03133,Female,54,Jodhpur,Rajasthan,Low Value
C03134,Customer_03134,Other,33,Chennai,Tamil Nadu,Low Value
C03135,Customer_03135,Male,63,Noida,Uttar Pradesh,Medium Value
C03136,Customer_03136,Female,63,Mumbai,Maharashtra,Medium Value
C03137,Customer_03137,Male,31,Delhi,Delhi,Low Value
C03138,Customer_03138,Male,41,Vadodara,Gujarat,High Value
C03139,Customer_03139,Male,42,Bengaluru,Karnataka,High Value
C03140,Customer_03140,Female,63,Jodhpur,Rajasthan,Low Value
C03141,Customer_03141,Male,52,Kanpur,Uttar Pradesh,High Value
C03142,Customer_03142,Female,34,Mangaluru,Karnataka,Low Value
C03143,Customer_03143,Other,63,Cuttack,Odisha,Low Value
C03144,Customer_03144,Male,59,Bhubaneswar,Odisha,Medium Value
C03145,Customer_03145,Female,62,New Delhi,Delhi,Low Value
C03146,Customer_03146,Male,21,Hyderabad,Telangana,Medium Value
C03147,Customer_03147,Male,28,Indore,Madhya Pradesh,Low Value
C03148,Customer_03148,Female,64,Surat,Gujarat,Low Value
C03149,Customer_03149,Female,32,Jodhpur,Rajasthan,High Value
C03150,Customer_03150,Female,47,Surat,Gujarat,Medium Value
C03151,Customer_03151,Female,41,Cuttack,Odisha,Medium Value
C03152,Customer_03152,Male,19,Patna,Bihar,High Value
C03153,Customer_03153,Male,60,Patna,Bihar,Low Value
C03154,Customer_03154,Female,51,Mysuru,Karnataka,Medium Value
C03155,Customer_03155,Male,40,Gaya,Bihar,Medium Value
C03156,Customer_03156,Male,48,Raipur,Chhattisgarh,High Value
C03157,Customer_03157,Female,54,Hyderabad,Telangana,Medium Value
C03158,Customer_03158,Male,30,Visakhapatnam,Andhra Pradesh,Low Value
C03159,Customer_03159,Male,50,Mangaluru,Karnataka,Medium Value
C03160,Customer_03160,Female,24,Jodhpur,Rajasthan,Low Value
C03161,Customer_03161,Female,49,Ranchi,Jharkhand,Low Value
C03162,Customer_03162,Female,24,Mangaluru,Karnataka,Medium Value
C03163,Customer_03163,Female,59,Kochi,Kerala,Medium Value
C03164,Customer_03164,Male,55,Vijayawada,Andhra Pradesh,High Value
C03165,Customer_03165,Female,61,Hyderabad,Telangana,High Value
C03166,Customer_03166,Female,30,Bengaluru,Karnataka,High Value
C03167,Customer_03167,Male,41,Mangaluru,Karnataka,Low Value
C03168,Customer_03168,Male,45,Gaya,Bihar,Low Value
C03169,Customer_03169,Female,49,Gurugram,Haryana,High Value
C03170,Customer_03170,Female,60,Mangaluru,Karnataka,Medium Value
C03171,Customer_03171,Female,35,Kolkata,West Bengal,High Value
C03172,Customer_03172,Female,51,Surat,Gujarat,Low Value
C03173,Customer_03173,Female,65,Jaipur,Rajasthan,Medium Value
C03174,Customer_03174,Other,51,Cuttack,Odisha,Medium Value
C03175,Customer_03175,Female,55,Durgapur,West Bengal,Medium Value
C03176,Customer_03176,Male,18,Durgapur,West Bengal,Low Value
C03177,Customer_03177,Female,60,Thane,Maharashtra,Medium Value
C03178,Customer_03178,Male,59,Ranchi,Jharkhand,High Value
C03179,Customer_03179,Female,48,Varanasi,Uttar Pradesh,High Value
C03180,Customer_03180,Female,18,Gaya,Bihar,Medium Value
C03181,Customer_03181,Female,33,Raipur,Chhattisgarh,Low Value
C03182,Customer_03182,Female,56,Raipur,Chhattisgarh,Medium Value
C03183,Customer_03183,Male,32,Ranchi,Jharkhand,High Value
C03184,Customer_03184,Male,50,Thiruvananthapuram,Kerala,Low Value
C03185,Customer_03185,Male,40,Thiruvananthapuram,Kerala,High Value
C03186,Customer_03186,Female,58,Delhi,Delhi,High Value
C03187,Customer_03187,Female,51,Jaipur,Rajasthan,Low Value
C03188,Customer_03188,Female,34,Panaji,Goa,Low Value
C03189,Customer_03189,Male,42,Panaji,Goa,Medium Value
C03190,Customer_03190,Female,59,Guwahati,Assam,Low Value
C03191,Customer_03191,Female,23,Cuttack,Odisha,Low Value
C03192,Customer_03192,Male,48,Guwahati,Assam,High Value
C03193,Customer_03193,Female,22,Cuttack,Odisha,Low Value
C03194,Customer_03194,Female,57,Panaji,Goa,Medium Value
C03195,Customer_03195,Female,57,Gurugram,Haryana,Low Value
C03196,Customer_03196,Male,47,New Delhi,Delhi,Low Value
C03197,Customer_03197,Female,22,Gaya,Bihar,Medium Value
C03198,Customer_03198,Male,29,Jodhpur,Rajasthan,Medium Value
C03199,Customer_03199,Other,24,Guwahati,Assam,High Value
C03200,Customer_03200,Male,62,Amritsar,Punjab,High Value
C03201,Customer_03201,Male,30,Cuttack,Odisha,Medium Value
C03202,Customer_03202,Female,21,Mangaluru,Karnataka,Low Value
C03203,Customer_03203,Male,59,Guwahati,Assam,Medium Value
C03204,Customer_03204,Female,20,Bengaluru,Karnataka,Medium Value
C03205,Customer_03205,Female,29,Bhopal,Madhya Pradesh,Low Value
C03206,Customer_03206,Female,18,Lucknow,Uttar Pradesh,Low Value
C03207,Customer_03207,Other,44,Ludhiana,Punjab,Low Value
C03208,Customer_03208,Male,60,Jamshedpur,Jharkhand,High Value
C03209,Customer_03209,Female,30,Faridabad,Haryana,Low Value
C03210,Customer_03210,Male,34,Jamshedpur,Jharkhand,Low Value
C03211,Customer_03211,Male,25,Guwahati,Assam,High Value
C03212,Customer_03212,Female,49,Warangal,Telangana,Medium Value
C03213,Customer_03213,Male,37,Jamshedpur,Jharkhand,Low Value
C03214,Customer_03214,Female,34,Guwahati,Assam,Medium Value
C03215,Customer_03215,Female,51,Jaipur,Rajasthan,Medium Value
C03216,Customer_03216,Female,52,Kanpur,Uttar Pradesh,High Value
C03217,Customer_03217,Female,52,Warangal,Telangana,Medium Value
C03218,Customer_03218,Male,55,Chennai,Tamil Nadu,Medium Value
C03219,Customer_03219,Female,59,Amritsar,Punjab,High Value
C03220,Customer_03220,Female,41,Bhopal,Madhya Pradesh,Medium Value
C03221,Customer_03221,Male,35,Pune,Maharashtra,High Value
C03222,Customer_03222,Male,63,Indore,Madhya Pradesh,Low Value
C03223,Customer_03223,Female,65,Raipur,Chhattisgarh,Low Value
C03224,Customer_03224,Male,56,Varanasi,Uttar Pradesh,Medium Value
C03225,Customer_03225,Male,50,Mangaluru,Karnataka,Medium Value
C03226,Customer_03226,Female,40,Ludhiana,Punjab,Medium Value
C03227,Customer_03227,Female,42,New Delhi,Delhi,High Value
C03228,Customer_03228,Female,54,New Delhi,Delhi,Low Value
C03229,Customer_03229,Female,44,Guwahati,Assam,High Value
C03230,Customer_03230,Female,18,Faridabad,Haryana,High Value
C03231,Customer_03231,Male,38,Raipur,Chhattisgarh,Medium Value
C03232,Customer_03232,Male,27,Gaya,Bihar,Low Value
C03233,Customer_03233,Male,48,Raipur,Chhattisgarh,Medium Value
C03234,Customer_03234,Female,61,Ranchi,Jharkhand,High Value
C03235,Customer_03235,Male,42,Hyderabad,Telangana,Low Value
C03236,Customer_03236,Male,37,Vijayawada,Andhra Pradesh,Medium Value
C03237,Customer_03237,Female,19,Amritsar,Punjab,High Value
C03238,Customer_03238,Male,65,Raipur,Chhattisgarh,Medium Value
C03239,Customer_03239,Male,32,Madurai,Tamil Nadu,Medium Value
C03240,Customer_03240,Female,45,Ranchi,Jharkhand,Medium Value
C03241,Customer_03241,Male,30,Mumbai,Maharashtra,Low Value
C03242,Customer_03242,Male,31,Kozhikode,Kerala,Low Value
C03243,Customer_03243,Male,19,Faridabad,Haryana,Medium Value
C03244,Customer_03244,Female,51,Indore,Madhya Pradesh,High Value
C03245,Customer_03245,Female,52,Patna,Bihar,High Value
C03246,Customer_03246,Male,54,Coimbatore,Tamil Nadu,Medium Value
C03247,Customer_03247,Female,42,Nashik,Maharashtra,High Value
C03248,Customer_03248,Male,65,Amritsar,Punjab,Medium Value
C03249,Customer_03249,Female,32,Bhopal,Madhya Pradesh,High Value
C03250,Customer_03250,Male,29,Jamshedpur,Jharkhand,Medium Value
C03251,Customer_03251,Female,26,New Delhi,Delhi,Medium Value
C03252,Customer_03252,Female,48,Gurugram,Haryana,High Value
C03253,Customer_03253,Female,31,Noida,Uttar Pradesh,Medium Value
C03254,Customer_03254,Male,46,Margao,Goa,Medium Value
C03255,Customer_03255,Male,65,Raipur,Chhattisgarh,Low Value
C03256,Customer_03256,Female,60,Raipur,Chhattisgarh,Medium Value
C03257,Customer_03257,Male,55,Ludhiana,Punjab,High Value
C03258,Customer_03258,Female,59,Coimbatore,Tamil Nadu,Medium Value
C03259,Customer_03259,Female,25,Kozhikode,Kerala,Medium Value
C03260,Customer_03260,Female,65,Ranchi,Jharkhand,Low Value
C03261,Customer_03261,Male,20,Coimbatore,Tamil Nadu,Low Value
C03262,Customer_03262,Female,19,Visakhapatnam,Andhra Pradesh,High Value
C03263,Customer_03263,Female,33,Kolkata,West Bengal,Low Value
C03264,Customer_03264,Female,36,Noida,Uttar Pradesh,Medium Value
C03265,Customer_03265,Male,47,Vadodara,Gujarat,High Value
C03266,Customer_03266,Male,58,Gurugram,Haryana,High Value
C03267,Customer_03267,Male,33,Vijayawada,Andhra Pradesh,Low Value
C03268,Customer_03268,Male,48,Guwahati,Assam,Medium Value
C03269,Customer_03269,Female,45,Cuttack,Odisha,Low Value
C03270,Customer_03270,Female,21,Ahmedabad,Gujarat,Medium Value
C03271,Customer_03271,Male,27,Ludhiana,Punjab,High Value
C03272,Customer_03272,Female,62,Kanpur,Uttar Pradesh,Low Value
C03273,Customer_03273,Male,35,Kolkata,West Bengal,Low Value
C03274,Customer_03274,Male,64,Varanasi,Uttar Pradesh,Low Value
C03275,Customer_03275,Male,49,Patna,Bihar,Low Value
C03276,Customer_03276,Male,47,Guwahati,Assam,Medium Value
C03277,Customer_03277,Female,53,Chennai,Tamil Nadu,High Value
C03278,Customer_03278,Male,26,Patna,Bihar,Medium Value
C03279,Customer_03279,Female,53,Delhi,Delhi,Medium Value
C03280,Customer_03280,Male,46,Mysuru,Karnataka,Low Value
C03281,Customer_03281,Female,33,Vijayawada,Andhra Pradesh,Low Value
C03282,Customer_03282,Male,45,Kanpur,Uttar Pradesh,Low Value
C03283,Customer_03283,Male,38,Noida,Uttar Pradesh,Medium Value
C03284,Customer_03284,Male,64,Hyderabad,Telangana,Low Value
C03285,Customer_03285,Male,19,Indore,Madhya Pradesh,Low Value
C03286,Customer_03286,Male,63,Thane,Maharashtra,Medium Value
C03287,Customer_03287,Female,52,Delhi,Delhi,Medium Value
C03288,Customer_03288,Female,45,Patna,Bihar,Low Value
C03289,Customer_03289,Female,53,Patna,Bihar,Medium Value
C03290,Customer_03290,Female,48,Patna,Bihar,Low Value
C03291,Customer_03291,Male,50,Mysuru,Karnataka,Medium Value
C03292,Customer_03292,Male,40,Lucknow,Uttar Pradesh,High Value
C03293,Customer_03293,Other,58,Udaipur,Rajasthan,Medium Value
C03294,Customer_03294,Female,34,Kolkata,West Bengal,Medium Value
C03295,Customer_03295,Female,63,New Delhi,Delhi,Medium Value
C03296,Customer_03296,Female,18,Guwahati,Assam,High Value
C03297,Customer_03297,Male,59,Ahmedabad,Gujarat,Low Value
C03298,Customer_03298,Male,40,Warangal,Telangana,Low Value
C03299,Customer_03299,Male,65,Amritsar,Punjab,High Value
C03300,Customer_03300,Male,44,Ludhiana,Punjab,High Value
C03301,Customer_03301,Male,42,Jodhpur,Rajasthan,Medium Value
C03302,Customer_03302,Male,49,Pune,Maharashtra,Low Value
C03303,Customer_03303,Female,36,New Delhi,Delhi,Medium Value
C03304,Customer_03304,Female,41,Indore,Madhya Pradesh,High Value
C03305,Customer_03305,Female,20,Ahmedabad,Gujarat,Medium Value
C03306,Customer_03306,Female,29,Gaya,Bihar,Low Value
C03307,Customer_03307,Male,52,Jamshedpur,Jharkhand,Medium Value
C03308,Customer_03308,Male,32,Thiruvananthapuram,Kerala,Low Value
C03309,Customer_03309,Female,34,Ludhiana,Punjab,Low Value
C03310,Customer_03310,Male,49,Gurugram,Haryana,High Value
C03311,Customer_03311,Male,24,Kozhikode,Kerala,Medium Value
C03312,Customer_03312,Male,36,Cuttack,Odisha,High Value
C03313,Customer_03313,Male,24,Patna,Bihar,Medium Value
C03314,Customer_03314,Female,22,Coimbatore,Tamil Nadu,High Value
C03315,Customer_03315,Male,57,Hyderabad,Telangana,Medium Value
C03316,Customer_03316,Female,38,Mangaluru,Karnataka,Low Value
C03317,Customer_03317,Female,65,Jamshedpur,Jharkhand,Medium Value
C03318,Customer_03318,Male,65,Delhi,Delhi,Medium Value
C03319,Customer_03319,Male,64,Cuttack,Odisha,High Value
C03320,Customer_03320,Male,24,Thiruvananthapuram,Kerala,Medium Value
C03321,Customer_03321,Male,54,Ahmedabad,Gujarat,High Value
C03322,Customer_03322,Female,40,Surat,Gujarat,Medium Value
C03323,Customer_03323,Female,28,Faridabad,Haryana,Medium Value
C03324,Customer_03324,Female,27,Warangal,Telangana,Low Value
C03325,Customer_03325,Male,38,Ranchi,Jharkhand,High Value
C03326,Customer_03326,Female,58,Amritsar,Punjab,Low Value
C03327,Customer_03327,Female,50,Margao,Goa,High Value
C03328,Customer_03328,Male,37,Bhopal,Madhya Pradesh,Medium Value
C03329,Customer_03329,Female,50,New Delhi,Delhi,Medium Value
C03330,Customer_03330,Female,57,Hyderabad,Telangana,Low Value
C03331,Customer_03331,Female,52,Thane,Maharashtra,Medium Value
C03332,Customer_03332,Female,51,Margao,Goa,Medium Value
C03333,Customer_03333,Male,53,Visakhapatnam,Andhra Pradesh,Medium Value
C03334,Customer_03334,Female,44,Faridabad,Haryana,High Value
C03335,Customer_03335,Male,36,Ranchi,Jharkhand,Medium Value
C03336,Customer_03336,Male,60,Jaipur,Rajasthan,Low Value
C03337,Customer_03337,Female,22,Amritsar,Punjab,Medium Value
C03338,Customer_03338,Female,46,Thiruvananthapuram,Kerala,Low Value
C03339,Customer_03339,Male,27,Faridabad,Haryana,Medium Value
C03340,Customer_03340,Male,57,Lucknow,Uttar Pradesh,Medium Value
C03341,Customer_03341,Male,30,Mysuru,Karnataka,Medium Value
C03342,Customer_03342,Male,46,Chennai,Tamil Nadu,High Value
C03343,Customer_03343,Female,22,Hyderabad,Telangana,Medium Value
C03344,Customer_03344,Female,29,Kolkata,West Bengal,Low Value
C03345,Customer_03345,Female,30,Mumbai,Maharashtra,Medium Value
C03346,Customer_03346,Male,39,Durgapur,West Bengal,Low Value
C03347,Customer_03347,Female,57,Margao,Goa,Low Value
C03348,Customer_03348,Male,32,Ludhiana,Punjab,Medium Value
C03349,Customer_03349,Female,30,Vijayawada,Andhra Pradesh,Low Value
C03350,Customer_03350,Female,18,Visakhapatnam,Andhra Pradesh,Medium Value
C03351,Customer_03351,Female,55,Bhopal,Madhya Pradesh,Medium Value
C03352,Customer_03352,Male,60,Delhi,Delhi,Medium Value
C03353,Customer_03353,Male,62,Gaya,Bihar,High Value
C03354,Customer_03354,Male,18,Kolkata,West Bengal,Low Value
C03355,Customer_03355,Female,28,New Delhi,Delhi,Low Value
C03356,Customer_03356,Male,60,Faridabad,Haryana,Medium Value
C03357,Customer_03357,Male,57,Raipur,Chhattisgarh,High Value
C03358,Customer_03358,Male,39,Lucknow,Uttar Pradesh,Medium Value
C03359,Customer_03359,Female,52,Indore,Madhya Pradesh,Low Value
C03360,Customer_03360,Male,61,Udaipur,Rajasthan,Medium Value
C03361,Customer_03361,Female,23,Mumbai,Maharashtra,Medium Value
C03362,Customer_03362,Female,45,Udaipur,Rajasthan,Low Value
C03363,Customer_03363,Female,48,Gaya,Bihar,Medium Value
C03364,Customer_03364,Male,25,Delhi,Delhi,Low Value
C03365,Customer_03365,Male,22,Jodhpur,Rajasthan,Medium Value
C03366,Customer_03366,Male,59,Surat,Gujarat,Low Value
C03367,Customer_03367,Male,65,Varanasi,Uttar Pradesh,Medium Value
C03368,Customer_03368,Male,61,Bengaluru,Karnataka,High Value
C03369,Customer_03369,Female,34,Mangaluru,Karnataka,Low Value
C03370,Customer_03370,Male,55,Patna,Bihar,Low Value
C03371,Customer_03371,Female,26,Gurugram,Haryana,Low Value
C03372,Customer_03372,Male,27,Amritsar,Punjab,Medium Value
C03373,Customer_03373,Female,37,New Delhi,Delhi,Low Value
C03374,Customer_03374,Female,31,Jodhpur,Rajasthan,High Value
C03375,Customer_03375,Female,31,Noida,Uttar Pradesh,High Value
C03376,Customer_03376,Female,43,Chennai,Tamil Nadu,Medium Value
C03377,Customer_03377,Female,46,Margao,Goa,Low Value
C03378,Customer_03378,Female,44,Guwahati,Assam,Low Value
C03379,Customer_03379,Male,42,Indore,Madhya Pradesh,Medium Value
C03380,Customer_03380,Female,33,Faridabad,Haryana,Medium Value
C03381,Customer_03381,Male,53,Lucknow,Uttar Pradesh,High Value
C03382,Customer_03382,Male,51,Jamshedpur,Jharkhand,Medium Value
C03383,Customer_03383,Male,33,Amritsar,Punjab,Medium Value
C03384,Customer_03384,Male,50,Kolkata,West Bengal,Low Value
C03385,Customer_03385,Male,20,Kozhikode,Kerala,Medium Value
C03386,Customer_03386,Male,40,Thiruvananthapuram,Kerala,Low Value
C03387,Customer_03387,Male,28,Gaya,Bihar,High Value
C03388,Customer_03388,Female,65,Raipur,Chhattisgarh,Medium Value
C03389,Customer_03389,Male,35,Bhopal,Madhya Pradesh,Medium Value
C03390,Customer_03390,Female,64,Patna,Bihar,Low Value
C03391,Customer_03391,Male,58,Udaipur,Rajasthan,Medium Value
C03392,Customer_03392,Female,61,Jaipur,Rajasthan,Low Value
C03393,Customer_03393,Female,46,Delhi,Delhi,Medium Value
C03394,Customer_03394,Female,22,Faridabad,Haryana,High Value
C03395,Customer_03395,Female,41,Bhopal,Madhya Pradesh,High Value
C03396,Customer_03396,Male,46,Bhopal,Madhya Pradesh,Low Value
C03397,Customer_03397,Other,46,Nagpur,Maharashtra,Low Value
C03398,Customer_03398,Female,43,Ranchi,Jharkhand,High Value
C03399,Customer_03399,Female,57,Gurugram,Haryana,High Value
C03400,Customer_03400,Female,20,Margao,Goa,Medium Value
C03401,Customer_03401,Male,19,Hyderabad,Telangana,Medium Value
C03402,Customer_03402,Female,42,Faridabad,Haryana,High Value
C03403,Customer_03403,Male,36,Noida,Uttar Pradesh,Medium Value
C03404,Customer_03404,Female,57,Bhubaneswar,Odisha,Medium Value
C03405,Customer_03405,Male,19,Guwahati,Assam,Low Value
C03406,Customer_03406,Female,36,Jamshedpur,Jharkhand,Medium Value
C03407,Customer_03407,Male,18,Guwahati,Assam,Low Value
C03408,Customer_03408,Male,44,Coimbatore,Tamil Nadu,Medium Value
C03409,Customer_03409,Female,62,Panaji,Goa,High Value
C03410,Customer_03410,Female,52,Panaji,Goa,Medium Value
C03411,Customer_03411,Female,58,Lucknow,Uttar Pradesh,High Value
C03412,Customer_03412,Male,22,Indore,Madhya Pradesh,Low Value
C03413,Customer_03413,Male,55,Pune,Maharashtra,Medium Value
C03414,Customer_03414,Female,21,Guwahati,Assam,High Value
C03415,Customer_03415,Other,34,Hyderabad,Telangana,Medium Value
C03416,Customer_03416,Female,38,Mysuru,Karnataka,Low Value
C03417,Customer_03417,Male,65,Faridabad,Haryana,Medium Value
C03418,Customer_03418,Female,48,Bhubaneswar,Odisha,Medium Value
C03419,Customer_03419,Male,65,Coimbatore,Tamil Nadu,Medium Value
C03420,Customer_03420,Female,39,Hyderabad,Telangana,Low Value
C03421,Customer_03421,Male,28,Warangal,Telangana,Medium Value
C03422,Customer_03422,Male,51,Guwahati,Assam,Low Value
C03423,Customer_03423,Female,32,Cuttack,Odisha,High Value
C03424,Customer_03424,Female,27,Kochi,Kerala,High Value
C03425,Customer_03425,Male,55,Cuttack,Odisha,Medium Value
C03426,Customer_03426,Male,49,Gaya,Bihar,Medium Value
C03427,Customer_03427,Male,65,Ahmedabad,Gujarat,Low Value
C03428,Customer_03428,Female,48,Warangal,Telangana,Medium Value
C03429,Customer_03429,Male,54,Udaipur,Rajasthan,Medium Value
C03430,Customer_03430,Male,61,Ludhiana,Punjab,Low Value
C03431,Customer_03431,Female,45,Patna,Bihar,High Value
C03432,Customer_03432,Female,48,Bhopal,Madhya Pradesh,High Value
C03433,Customer_03433,Female,23,Amritsar,Punjab,Low Value
C03434,Customer_03434,Female,31,Pune,Maharashtra,Medium Value
C03435,Customer_03435,Female,40,Ranchi,Jharkhand,Medium Value
C03436,Customer_03436,Female,33,Vijayawada,Andhra Pradesh,Medium Value
C03437,Customer_03437,Female,42,Bhopal,Madhya Pradesh,Medium Value
C03438,Customer_03438,Female,56,Gaya,Bihar,High Value
C03439,Customer_03439,Male,19,Guwahati,Assam,Low Value
C03440,Customer_03440,Other,55,Bhopal,Madhya Pradesh,Medium Value
C03441,Customer_03441,Male,58,Amritsar,Punjab,High Value
C03442,Customer_03442,Male,56,Warangal,Telangana,Low Value
C03443,Customer_03443,Male,51,Lucknow,Uttar Pradesh,Medium Value
C03444,Customer_03444,Male,57,Visakhapatnam,Andhra Pradesh,Low Value
C03445,Customer_03445,Female,60,Delhi,Delhi,High Value
C03446,Customer_03446,Female,42,Surat,Gujarat,High Value
C03447,Customer_03447,Female,53,Visakhapatnam,Andhra Pradesh,High Value
C03448,Customer_03448,Female,33,Ludhiana,Punjab,Medium Value
C03449,Customer_03449,Female,35,Indore,Madhya Pradesh,Low Value
C03450,Customer_03450,Male,30,Coimbatore,Tamil Nadu,Low Value
C03451,Customer_03451,Female,54,Guwahati,Assam,Medium Value
C03452,Customer_03452,Female,44,Raipur,Chhattisgarh,Low Value
C03453,Customer_03453,Male,51,Warangal,Telangana,Medium Value
C03454,Customer_03454,Female,28,Guwahati,Assam,Low Value
C03455,Customer_03455,Male,18,Warangal,Telangana,Low Value
C03456,Customer_03456,Male,30,New Delhi,Delhi,Medium Value
C03457,Customer_03457,Male,47,Ludhiana,Punjab,High Value
C03458,Customer_03458,Male,22,Raipur,Chhattisgarh,Low Value
C03459,Customer_03459,Female,35,Bengaluru,Karnataka,Medium Value
C03460,Customer_03460,Female,31,Ranchi,Jharkhand,Low Value
C03461,Customer_03461,Male,30,Bhopal,Madhya Pradesh,High Value
C03462,Customer_03462,Female,49,Bhopal,Madhya Pradesh,Medium Value
C03463,Customer_03463,Female,24,Visakhapatnam,Andhra Pradesh,Medium Value
C03464,Customer_03464,Male,25,Mangaluru,Karnataka,High Value
C03465,Customer_03465,Male,24,Bengaluru,Karnataka,Medium Value
C03466,Customer_03466,Female,33,Jodhpur,Rajasthan,High Value
C03467,Customer_03467,Female,60,Patna,Bihar,Medium Value
C03468,Customer_03468,Other,48,Kozhikode,Kerala,Low Value
C03469,Customer_03469,Male,44,Jodhpur,Rajasthan,Medium Value
C03470,Customer_03470,Female,50,New Delhi,Delhi,Low Value
C03471,Customer_03471,Male,46,Faridabad,Haryana,High Value
C03472,Customer_03472,Male,25,Pune,Maharashtra,Low Value
C03473,Customer_03473,Female,50,Indore,Madhya Pradesh,Low Value
C03474,Customer_03474,Male,58,Durgapur,West Bengal,Medium Value
C03475,Customer_03475,Male,36,Ranchi,Jharkhand,Low Value
C03476,Customer_03476,Male,38,Margao,Goa,Medium Value
C03477,Customer_03477,Male,58,Guwahati,Assam,Medium Value
C03478,Customer_03478,Female,38,Amritsar,Punjab,Low Value
C03479,Customer_03479,Female,42,Kanpur,Uttar Pradesh,High Value
C03480,Customer_03480,Male,59,Chennai,Tamil Nadu,High Value
C03481,Customer_03481,Male,40,Kozhikode,Kerala,Medium Value
C03482,Customer_03482,Male,28,Delhi,Delhi,Low Value
C03483,Customer_03483,Female,50,Chennai,Tamil Nadu,Low Value
C03484,Customer_03484,Male,37,Kochi,Kerala,High Value
C03485,Customer_03485,Female,42,Indore,Madhya Pradesh,Low Value
C03486,Customer_03486,Male,43,Kochi,Kerala,Low Value
C03487,Customer_03487,Male,57,Jodhpur,Rajasthan,Low Value
C03488,Customer_03488,Female,29,Bengaluru,Karnataka,Medium Value
C03489,Customer_03489,Female,49,Jodhpur,Rajasthan,Low Value
C03490,Customer_03490,Male,50,Vijayawada,Andhra Pradesh,Low Value
C03491,Customer_03491,Female,27,Madurai,Tamil Nadu,Medium Value
C03492,Customer_03492,Female,21,Vadodara,Gujarat,Low Value
C03493,Customer_03493,Female,32,Amritsar,Punjab,Medium Value
C03494,Customer_03494,Female,23,Gaya,Bihar,Medium Value
C03495,Customer_03495,Female,44,Gaya,Bihar,Low Value
C03496,Customer_03496,Other,22,Kochi,Kerala,Low Value
C03497,Customer_03497,Male,22,Delhi,Delhi,Medium Value
C03498,Customer_03498,Female,35,Varanasi,Uttar Pradesh,High Value
C03499,Customer_03499,Male,45,Bengaluru,Karnataka,Low Value
C03500,Customer_03500,Male,52,Raipur,Chhattisgarh,Low Value
C03501,Customer_03501,Male,39,Thane,Maharashtra,Medium Value
C03502,Customer_03502,Male,51,Kolkata,West Bengal,Medium Value
C03503,Customer_03503,Female,21,Jamshedpur,Jharkhand,Low Value
C03504,Customer_03504,Female,35,Ahmedabad,Gujarat,High Value
C03505,Customer_03505,Female,58,Margao,Goa,Low Value
C03506,Customer_03506,Male,43,Panaji,Goa,Medium Value
C03507,Customer_03507,Male,59,Ahmedabad,Gujarat,Medium Value
C03508,Customer_03508,Female,39,Ahmedabad,Gujarat,Medium Value
C03509,Customer_03509,Male,64,Ranchi,Jharkhand,Medium Value
C03510,Customer_03510,Female,50,Kolkata,West Bengal,Low Value
C03511,Customer_03511,Female,60,Bhubaneswar,Odisha,Low Value
C03512,Customer_03512,Female,31,Ranchi,Jharkhand,Low Value
C03513,Customer_03513,Female,48,Guwahati,Assam,Low Value
C03514,Customer_03514,Female,27,Gaya,Bihar,High Value
C03515,Customer_03515,Male,41,Margao,Goa,Low Value
C03516,Customer_03516,Female,38,Panaji,Goa,Medium Value
C03517,Customer_03517,Male,65,Guwahati,Assam,High Value
C03518,Customer_03518,Male,25,Delhi,Delhi,High Value
C03519,Customer_03519,Male,49,Pune,Maharashtra,Low Value
C03520,Customer_03520,Female,48,Guwahati,Assam,Low Value
C03521,Customer_03521,Male,51,Thane,Maharashtra,Low Value
C03522,Customer_03522,Male,40,Patna,Bihar,Medium Value
C03523,Customer_03523,Male,42,Panaji,Goa,Medium Value
C03524,Customer_03524,Female,24,Margao,Goa,Medium Value
C03525,Customer_03525,Female,36,Kochi,Kerala,High Value
C03526,Customer_03526,Female,24,Indore,Madhya Pradesh,Medium Value
C03527,Customer_03527,Female,64,Kanpur,Uttar Pradesh,Low Value
C03528,Customer_03528,Male,25,Kanpur,Uttar Pradesh,Low Value
C03529,Customer_03529,Male,31,Chennai,Tamil Nadu,Medium Value
C03530,Customer_03530,Female,18,Pune,Maharashtra,Medium Value
C03531,Customer_03531,Male,30,Jamshedpur,Jharkhand,Low Value
C03532,Customer_03532,Male,20,Mysuru,Karnataka,Low Value
C03533,Customer_03533,Male,45,Gaya,Bihar,Low Value
C03534,Customer_03534,Female,55,Kanpur,Uttar Pradesh,Medium Value
C03535,Customer_03535,Male,32,New Delhi,Delhi,Medium Value
C03536,Customer_03536,Female,53,Chennai,Tamil Nadu,Low Value
C03537,Customer_03537,Male,20,Bhopal,Madhya Pradesh,High Value
C03538,Customer_03538,Female,21,Raipur,Chhattisgarh,Low Value
C03539,Customer_03539,Male,22,Surat,Gujarat,Medium Value
C03540,Customer_03540,Male,43,Ludhiana,Punjab,Medium Value
C03541,Customer_03541,Male,42,Raipur,Chhattisgarh,Low Value
C03542,Customer_03542,Female,27,Raipur,Chhattisgarh,Medium Value
C03543,Customer_03543,Male,25,Patna,Bihar,Low Value
C03544,Customer_03544,Female,29,Durgapur,West Bengal,Medium Value
C03545,Customer_03545,Female,20,Gurugram,Haryana,Low Value
C03546,Customer_03546,Female,44,Durgapur,West Bengal,Medium Value
C03547,Customer_03547,Male,40,Udaipur,Rajasthan,High Value
C03548,Customer_03548,Male,57,Coimbatore,Tamil Nadu,Medium Value
C03549,Customer_03549,Male,50,Cuttack,Odisha,Low Value
C03550,Customer_03550,Female,31,Delhi,Delhi,Low Value
C03551,Customer_03551,Female,40,Thiruvananthapuram,Kerala,Medium Value
C03552,Customer_03552,Female,48,Margao,Goa,Medium Value
C03553,Customer_03553,Female,30,Gurugram,Haryana,Low Value
C03554,Customer_03554,Male,29,Guwahati,Assam,Low Value
C03555,Customer_03555,Male,52,Margao,Goa,Low Value
C03556,Customer_03556,Female,35,Patna,Bihar,Low Value
C03557,Customer_03557,Male,38,Udaipur,Rajasthan,Medium Value
C03558,Customer_03558,Male,62,Kanpur,Uttar Pradesh,High Value
C03559,Customer_03559,Female,64,Visakhapatnam,Andhra Pradesh,High Value
C03560,Customer_03560,Male,59,Raipur,Chhattisgarh,Low Value
C03561,Customer_03561,Female,18,Visakhapatnam,Andhra Pradesh,High Value
C03562,Customer_03562,Female,55,Durgapur,West Bengal,Medium Value
C03563,Customer_03563,Female,58,Bhubaneswar,Odisha,Low Value
C03564,Customer_03564,Male,59,Cuttack,Odisha,High Value
C03565,Customer_03565,Male,64,Delhi,Delhi,Low Value
C03566,Customer_03566,Female,26,Gurugram,Haryana,Low Value
C03567,Customer_03567,Male,40,Ahmedabad,Gujarat,Low Value
C03568,Customer_03568,Male,31,Chennai,Tamil Nadu,Medium Value
C03569,Customer_03569,Male,28,Mumbai,Maharashtra,Medium Value
C03570,Customer_03570,Male,24,Surat,Gujarat,Low Value
C03571,Customer_03571,Male,48,Gurugram,Haryana,Medium Value
C03572,Customer_03572,Female,41,Jodhpur,Rajasthan,Medium Value
C03573,Customer_03573,Male,43,New Delhi,Delhi,Low Value
C03574,Customer_03574,Male,47,Bengaluru,Karnataka,Medium Value
C03575,Customer_03575,Female,51,Kozhikode,Kerala,Low Value
C03576,Customer_03576,Female,63,Delhi,Delhi,Low Value
C03577,Customer_03577,Male,55,Surat,Gujarat,High Value
C03578,Customer_03578,Male,22,Bengaluru,Karnataka,High Value
C03579,Customer_03579,Female,22,Ranchi,Jharkhand,High Value
C03580,Customer_03580,Female,36,Margao,Goa,Medium Value
C03581,Customer_03581,Female,55,Patna,Bihar,Low Value
C03582,Customer_03582,Female,45,Coimbatore,Tamil Nadu,High Value
C03583,Customer_03583,Male,43,Kanpur,Uttar Pradesh,Medium Value
C03584,Customer_03584,Female,59,Hyderabad,Telangana,Low Value
C03585,Customer_03585,Male,40,Coimbatore,Tamil Nadu,Medium Value
C03586,Customer_03586,Female,63,Kozhikode,Kerala,Medium Value
C03587,Customer_03587,Female,47,Jodhpur,Rajasthan,Low Value
C03588,Customer_03588,Female,20,Durgapur,West Bengal,Medium Value
C03589,Customer_03589,Male,45,Durgapur,West Bengal,Low Value
C03590,Customer_03590,Male,50,Hyderabad,Telangana,Low Value
C03591,Customer_03591,Female,59,Margao,Goa,Low Value
C03592,Customer_03592,Female,20,Vadodara,Gujarat,Low Value
C03593,Customer_03593,Female,22,Raipur,Chhattisgarh,Medium Value
C03594,Customer_03594,Male,36,Faridabad,Haryana,Low Value
C03595,Customer_03595,Male,59,Delhi,Delhi,Low Value
C03596,Customer_03596,Female,65,Ludhiana,Punjab,Medium Value
C03597,Customer_03597,Male,18,Hyderabad,Telangana,Medium Value
C03598,Customer_03598,Female,55,Raipur,Chhattisgarh,Low Value
C03599,Customer_03599,Male,26,New Delhi,Delhi,Medium Value
C03600,Customer_03600,Female,22,Faridabad,Haryana,Low Value
C03601,Customer_03601,Female,63,Noida,Uttar Pradesh,Medium Value
C03602,Customer_03602,Female,59,Chennai,Tamil Nadu,Medium Value
C03603,Customer_03603,Male,51,Gaya,Bihar,High Value
C03604,Customer_03604,Female,54,Guwahati,Assam,Medium Value
C03605,Customer_03605,Male,50,Chennai,Tamil Nadu,Medium Value
C03606,Customer_03606,Female,42,Visakhapatnam,Andhra Pradesh,Medium Value
C03607,Customer_03607,Male,59,Raipur,Chhattisgarh,Medium Value
C03608,Customer_03608,Male,46,Bhubaneswar,Odisha,Low Value
C03609,Customer_03609,Male,42,Visakhapatnam,Andhra Pradesh,Low Value
C03610,Customer_03610,Male,26,Faridabad,Haryana,Low Value
C03611,Customer_03611,Female,20,Delhi,Delhi,Medium Value
C03612,Customer_03612,Male,32,Kolkata,West Bengal,Medium Value
C03613,Customer_03613,Female,21,Visakhapatnam,Andhra Pradesh,High Value
C03614,Customer_03614,Other,62,Jodhpur,Rajasthan,Medium Value
C03615,Customer_03615,Male,55,Jamshedpur,Jharkhand,Medium Value
C03616,Customer_03616,Female,37,Visakhapatnam,Andhra Pradesh,Medium Value
C03617,Customer_03617,Male,40,Kochi,Kerala,Medium Value
C03618,Customer_03618,Male,54,Thiruvananthapuram,Kerala,High Value
C03619,Customer_03619,Male,64,Bengaluru,Karnataka,Medium Value
C03620,Customer_03620,Female,25,Lucknow,Uttar Pradesh,Low Value
C03621,Customer_03621,Male,54,Jamshedpur,Jharkhand,Medium Value
C03622,Customer_03622,Female,62,Indore,Madhya Pradesh,Low Value
C03623,Customer_03623,Female,50,Kochi,Kerala,Medium Value
C03624,Customer_03624,Female,50,Jamshedpur,Jharkhand,Medium Value
C03625,Customer_03625,Male,24,Delhi,Delhi,High Value
C03626,Customer_03626,Female,39,Vijayawada,Andhra Pradesh,Medium Value
C03627,Customer_03627,Female,22,Panaji,Goa,Low Value
C03628,Customer_03628,Female,63,Faridabad,Haryana,Medium Value
C03629,Customer_03629,Female,32,Madurai,Tamil Nadu,High Value
C03630,Customer_03630,Female,38,Hyderabad,Telangana,Medium Value
C03631,Customer_03631,Male,42,Jamshedpur,Jharkhand,Medium Value
C03632,Customer_03632,Male,34,Thane,Maharashtra,Low Value
C03633,Customer_03633,Male,24,Raipur,Chhattisgarh,Medium Value
C03634,Customer_03634,Male,36,New Delhi,Delhi,Medium Value
C03635,Customer_03635,Male,24,Jamshedpur,Jharkhand,Medium Value
C03636,Customer_03636,Male,57,Kanpur,Uttar Pradesh,High Value
C03637,Customer_03637,Male,62,Mangaluru,Karnataka,Medium Value
C03638,Customer_03638,Female,41,Jodhpur,Rajasthan,Medium Value
C03639,Customer_03639,Male,28,Faridabad,Haryana,Medium Value
C03640,Customer_03640,Female,58,Kolkata,West Bengal,Low Value
C03641,Customer_03641,Male,18,Hyderabad,Telangana,Low Value
C03642,Customer_03642,Female,49,Pune,Maharashtra,Medium Value
C03643,Customer_03643,Female,57,Gurugram,Haryana,Medium Value
C03644,Customer_03644,Male,61,Durgapur,West Bengal,Medium Value
C03645,Customer_03645,Male,19,Jamshedpur,Jharkhand,Low Value
C03646,Customer_03646,Male,32,Mangaluru,Karnataka,High Value
C03647,Customer_03647,Male,38,Kanpur,Uttar Pradesh,Low Value
C03648,Customer_03648,Female,41,Varanasi,Uttar Pradesh,Medium Value
C03649,Customer_03649,Female,34,Patna,Bihar,Medium Value
C03650,Customer_03650,Male,64,Warangal,Telangana,Low Value
C03651,Customer_03651,Male,26,Warangal,Telangana,High Value
C03652,Customer_03652,Male,52,Panaji,Goa,Medium Value
C03653,Customer_03653,Male,37,Panaji,Goa,Medium Value
C03654,Customer_03654,Female,36,Surat,Gujarat,High Value
C03655,Customer_03655,Male,35,Ranchi,Jharkhand,Low Value
C03656,Customer_03656,Female,37,Ranchi,Jharkhand,Low Value
C03657,Customer_03657,Male,47,Amritsar,Punjab,High Value
C03658,Customer_03658,Male,57,Vijayawada,Andhra Pradesh,Medium Value
C03659,Customer_03659,Female,18,Faridabad,Haryana,High Value
C03660,Customer_03660,Male,41,Patna,Bihar,Low Value
C03661,Customer_03661,Female,41,Mumbai,Maharashtra,Medium Value
C03662,Customer_03662,Female,64,Ranchi,Jharkhand,Medium Value
C03663,Customer_03663,Male,36,Vadodara,Gujarat,Medium Value
C03664,Customer_03664,Male,47,Faridabad,Haryana,Medium Value
C03665,Customer_03665,Female,43,Delhi,Delhi,Low Value
C03666,Customer_03666,Female,59,Delhi,Delhi,Low Value
C03667,Customer_03667,Female,61,Guwahati,Assam,Medium Value
C03668,Customer_03668,Male,55,Ranchi,Jharkhand,Low Value
C03669,Customer_03669,Other,46,Raipur,Chhattisgarh,Medium Value
C03670,Customer_03670,Male,30,Bhopal,Madhya Pradesh,High Value
C03671,Customer_03671,Female,21,Panaji,Goa,High Value
C03672,Customer_03672,Female,62,Ahmedabad,Gujarat,Medium Value
C03673,Customer_03673,Male,34,Jaipur,Rajasthan,Low Value
C03674,Customer_03674,Female,50,Bhubaneswar,Odisha,Low Value
C03675,Customer_03675,Male,22,Thane,Maharashtra,High Value
C03676,Customer_03676,Female,45,Bhubaneswar,Odisha,Medium Value
C03677,Customer_03677,Male,41,Mysuru,Karnataka,Medium Value
C03678,Customer_03678,Female,34,New Delhi,Delhi,Low Value
C03679,Customer_03679,Male,56,Raipur,Chhattisgarh,Low Value
C03680,Customer_03680,Female,65,Warangal,Telangana,Medium Value
C03681,Customer_03681,Female,57,Nashik,Maharashtra,Low Value
C03682,Customer_03682,Male,61,Jamshedpur,Jharkhand,Low Value
C03683,Customer_03683,Male,63,Jaipur,Rajasthan,High Value
C03684,Customer_03684,Female,28,Raipur,Chhattisgarh,Medium Value
C03685,Customer_03685,Male,29,Mumbai,Maharashtra,Medium Value
C03686,Customer_03686,Female,30,Madurai,Tamil Nadu,High Value
C03687,Customer_03687,Male,25,Visakhapatnam,Andhra Pradesh,Medium Value
C03688,Customer_03688,Female,18,Warangal,Telangana,High Value
C03689,Customer_03689,Male,26,Udaipur,Rajasthan,Medium Value
C03690,Customer_03690,Male,45,Gaya,Bihar,Low Value
C03691,Customer_03691,Male,19,Visakhapatnam,Andhra Pradesh,Medium Value
C03692,Customer_03692,Male,31,Vadodara,Gujarat,High Value
C03693,Customer_03693,Male,30,Raipur,Chhattisgarh,High Value
C03694,Customer_03694,Female,65,Amritsar,Punjab,Medium Value
C03695,Customer_03695,Female,19,Vijayawada,Andhra Pradesh,Medium Value
C03696,Customer_03696,Female,21,Bhopal,Madhya Pradesh,Medium Value
C03697,Customer_03697,Female,29,Thiruvananthapuram,Kerala,High Value
C03698,Customer_03698,Male,65,Margao,Goa,Low Value
C03699,Customer_03699,Female,27,New Delhi,Delhi,Low Value
C03700,Customer_03700,Male,20,Amritsar,Punjab,Low Value
C03701,Customer_03701,Female,21,Bengaluru,Karnataka,Medium Value
C03702,Customer_03702,Male,23,Raipur,Chhattisgarh,Low Value
C03703,Customer_03703,Male,40,Chennai,Tamil Nadu,Medium Value
C03704,Customer_03704,Male,22,Jaipur,Rajasthan,Low Value
C03705,Customer_03705,Female,20,Kolkata,West Bengal,High Value
C03706,Customer_03706,Male,27,Bhubaneswar,Odisha,Low Value
C03707,Customer_03707,Female,60,Vadodara,Gujarat,Medium Value
C03708,Customer_03708,Male,36,Guwahati,Assam,Low Value
C03709,Customer_03709,Female,31,Visakhapatnam,Andhra Pradesh,Low Value
C03710,Customer_03710,Female,38,Raipur,Chhattisgarh,Medium Value
C03711,Customer_03711,Male,60,Raipur,Chhattisgarh,Low Value
C03712,Customer_03712,Male,45,Guwahati,Assam,Medium Value
C03713,Customer_03713,Female,38,Panaji,Goa,Low Value
C03714,Customer_03714,Female,53,Vijayawada,Andhra Pradesh,Low Value
C03715,Customer_03715,Male,41,Jodhpur,Rajasthan,Low Value
C03716,Customer_03716,Female,55,Mumbai,Maharashtra,High Value
C03717,Customer_03717,Female,34,Ranchi,Jharkhand,Medium Value
C03718,Customer_03718,Male,39,Amritsar,Punjab,Low Value
C03719,Customer_03719,Female,36,Bhopal,Madhya Pradesh,Low Value
C03720,Customer_03720,Male,62,Chennai,Tamil Nadu,High Value
C03721,Customer_03721,Male,27,Ludhiana,Punjab,High Value
C03722,Customer_03722,Female,28,Jamshedpur,Jharkhand,Medium Value
C03723,Customer_03723,Male,55,Warangal,Telangana,Low Value
C03724,Customer_03724,Male,19,Nagpur,Maharashtra,Low Value
C03725,Customer_03725,Female,50,Madurai,Tamil Nadu,Medium Value
C03726,Customer_03726,Female,60,Bhubaneswar,Odisha,High Value
C03727,Customer_03727,Female,48,Coimbatore,Tamil Nadu,Medium Value
C03728,Customer_03728,Female,65,Mumbai,Maharashtra,Medium Value
C03729,Customer_03729,Female,52,Guwahati,Assam,Low Value
C03730,Customer_03730,Male,54,Visakhapatnam,Andhra Pradesh,Medium Value
C03731,Customer_03731,Male,64,Noida,Uttar Pradesh,Low Value
C03732,Customer_03732,Female,64,Raipur,Chhattisgarh,Low Value
C03733,Customer_03733,Male,53,Coimbatore,Tamil Nadu,Medium Value
C03734,Customer_03734,Female,40,Mangaluru,Karnataka,Medium Value
C03735,Customer_03735,Female,53,Gurugram,Haryana,Low Value
C03736,Customer_03736,Male,57,Kolkata,West Bengal,Medium Value
C03737,Customer_03737,Female,56,Delhi,Delhi,Low Value
C03738,Customer_03738,Female,43,Thane,Maharashtra,High Value
C03739,Customer_03739,Male,42,Gaya,Bihar,Low Value
C03740,Customer_03740,Other,34,Panaji,Goa,High Value
C03741,Customer_03741,Female,32,Kolkata,West Bengal,High Value
C03742,Customer_03742,Male,54,Gurugram,Haryana,Medium Value
C03743,Customer_03743,Female,62,Cuttack,Odisha,Low Value
C03744,Customer_03744,Female,21,Raipur,Chhattisgarh,Low Value
C03745,Customer_03745,Female,39,Panaji,Goa,Medium Value
C03746,Customer_03746,Female,34,Guwahati,Assam,High Value
C03747,Customer_03747,Female,39,Kochi,Kerala,Medium Value
C03748,Customer_03748,Male,34,Kanpur,Uttar Pradesh,Medium Value
C03749,Customer_03749,Female,31,Udaipur,Rajasthan,Low Value
C03750,Customer_03750,Female,31,Kochi,Kerala,Medium Value
C03751,Customer_03751,Male,34,Jamshedpur,Jharkhand,Low Value
C03752,Customer_03752,Male,25,Bengaluru,Karnataka,Low Value
C03753,Customer_03753,Female,51,Warangal,Telangana,Medium Value
C03754,Customer_03754,Female,43,Coimbatore,Tamil Nadu,Low Value
C03755,Customer_03755,Female,62,Kanpur,Uttar Pradesh,High Value
C03756,Customer_03756,Female,47,Chennai,Tamil Nadu,High Value
C03757,Customer_03757,Female,39,Guwahati,Assam,Low Value
C03758,Customer_03758,Female,33,Panaji,Goa,Medium Value
C03759,Customer_03759,Female,47,Noida,Uttar Pradesh,High Value
C03760,Customer_03760,Male,33,Ranchi,Jharkhand,Low Value
C03761,Customer_03761,Female,55,Ranchi,Jharkhand,Medium Value
C03762,Customer_03762,Female,41,Ludhiana,Punjab,Medium Value
C03763,Customer_03763,Female,53,Kolkata,West Bengal,Low Value
C03764,Customer_03764,Female,52,Ahmedabad,Gujarat,Medium Value
C03765,Customer_03765,Female,23,Kozhikode,Kerala,Low Value
C03766,Customer_03766,Male,21,Bengaluru,Karnataka,High Value
C03767,Customer_03767,Male,35,Ahmedabad,Gujarat,Medium Value
C03768,Customer_03768,Male,23,Visakhapatnam,Andhra Pradesh,Low Value
C03769,Customer_03769,Male,43,Mangaluru,Karnataka,Medium Value
C03770,Customer_03770,Female,54,Thiruvananthapuram,Kerala,Low Value
C03771,Customer_03771,Male,44,Hyderabad,Telangana,Low Value
C03772,Customer_03772,Male,58,Bhopal,Madhya Pradesh,Low Value
C03773,Customer_03773,Female,28,Durgapur,West Bengal,Medium Value
C03774,Customer_03774,Female,55,Gurugram,Haryana,Medium Value
C03775,Customer_03775,Male,33,Hyderabad,Telangana,Low Value
C03776,Customer_03776,Female,36,Panaji,Goa,Medium Value
C03777,Customer_03777,Female,60,Noida,Uttar Pradesh,Low Value
C03778,Customer_03778,Male,32,Margao,Goa,Medium Value
C03779,Customer_03779,Male,43,Ludhiana,Punjab,High Value
C03780,Customer_03780,Female,58,Raipur,Chhattisgarh,High Value
C03781,Customer_03781,Female,48,Margao,Goa,Low Value
C03782,Customer_03782,Female,36,Ahmedabad,Gujarat,Medium Value
C03783,Customer_03783,Male,41,Faridabad,Haryana,High Value
C03784,Customer_03784,Male,26,Mangaluru,Karnataka,Low Value
C03785,Customer_03785,Female,40,Bengaluru,Karnataka,Medium Value
C03786,Customer_03786,Male,21,Surat,Gujarat,Low Value
C03787,Customer_03787,Male,27,Hyderabad,Telangana,High Value
C03788,Customer_03788,Female,26,Faridabad,Haryana,Low Value
C03789,Customer_03789,Male,36,Thiruvananthapuram,Kerala,Medium Value
C03790,Customer_03790,Female,32,Varanasi,Uttar Pradesh,Low Value
C03791,Customer_03791,Female,51,Nashik,Maharashtra,High Value
C03792,Customer_03792,Male,59,Vijayawada,Andhra Pradesh,Medium Value
C03793,Customer_03793,Female,36,Warangal,Telangana,Medium Value
C03794,Customer_03794,Male,38,Varanasi,Uttar Pradesh,Low Value
C03795,Customer_03795,Female,51,Delhi,Delhi,High Value
C03796,Customer_03796,Male,34,Bengaluru,Karnataka,Low Value
C03797,Customer_03797,Male,35,New Delhi,Delhi,High Value
C03798,Customer_03798,Female,34,Pune,Maharashtra,High Value
C03799,Customer_03799,Male,19,Raipur,Chhattisgarh,Medium Value
C03800,Customer_03800,Female,18,Kozhikode,Kerala,Low Value
C03801,Customer_03801,Male,60,Gurugram,Haryana,Low Value
C03802,Customer_03802,Male,27,Raipur,Chhattisgarh,Low Value
C03803,Customer_03803,Female,54,Vijayawada,Andhra Pradesh,Low Value
C03804,Customer_03804,Male,65,Delhi,Delhi,High Value
C03805,Customer_03805,Male,22,Mysuru,Karnataka,Low Value
C03806,Customer_03806,Female,29,Gaya,Bihar,Medium Value
C03807,Customer_03807,Female,53,Nashik,Maharashtra,Low Value
C03808,Customer_03808,Female,48,Ranchi,Jharkhand,High Value
C03809,Customer_03809,Female,55,Gaya,Bihar,Low Value
C03810,Customer_03810,Male,26,Delhi,Delhi,High Value
C03811,Customer_03811,Female,61,Kolkata,West Bengal,Medium Value
C03812,Customer_03812,Male,43,Jamshedpur,Jharkhand,High Value
C03813,Customer_03813,Female,32,Kanpur,Uttar Pradesh,High Value
C03814,Customer_03814,Male,33,New Delhi,Delhi,Medium Value
C03815,Customer_03815,Other,30,Raipur,Chhattisgarh,Low Value
C03816,Customer_03816,Female,42,Nashik,Maharashtra,Low Value
C03817,Customer_03817,Female,47,Kozhikode,Kerala,Medium Value
C03818,Customer_03818,Female,24,Delhi,Delhi,High Value
C03819,Customer_03819,Female,21,Kanpur,Uttar Pradesh,Medium Value
C03820,Customer_03820,Female,60,Patna,Bihar,Low Value
C03821,Customer_03821,Male,57,Cuttack,Odisha,High Value
C03822,Customer_03822,Male,55,Kochi,Kerala,Medium Value
C03823,Customer_03823,Male,47,Hyderabad,Telangana,High Value
C03824,Customer_03824,Male,27,Visakhapatnam,Andhra Pradesh,Medium Value
C03825,Customer_03825,Female,47,Warangal,Telangana,High Value
C03826,Customer_03826,Female,56,Jamshedpur,Jharkhand,High Value
C03827,Customer_03827,Female,24,Kochi,Kerala,High Value
C03828,Customer_03828,Female,53,Guwahati,Assam,Medium Value
C03829,Customer_03829,Female,52,Guwahati,Assam,Medium Value
C03830,Customer_03830,Male,41,Surat,Gujarat,Medium Value
C03831,Customer_03831,Male,56,Margao,Goa,High Value
C03832,Customer_03832,Male,53,Faridabad,Haryana,High Value
C03833,Customer_03833,Male,62,Gurugram,Haryana,High Value
C03834,Customer_03834,Female,37,Delhi,Delhi,Low Value
C03835,Customer_03835,Female,49,Noida,Uttar Pradesh,Medium Value
C03836,Customer_03836,Female,56,Raipur,Chhattisgarh,Low Value
C03837,Customer_03837,Female,43,Jamshedpur,Jharkhand,Medium Value
C03838,Customer_03838,Female,43,Bhopal,Madhya Pradesh,Medium Value
C03839,Customer_03839,Male,53,Lucknow,Uttar Pradesh,High Value
C03840,Customer_03840,Female,60,Kozhikode,Kerala,Medium Value
C03841,Customer_03841,Male,52,Guwahati,Assam,Medium Value
C03842,Customer_03842,Male,60,Margao,Goa,Low Value
C03843,Customer_03843,Male,52,Patna,Bihar,Low Value
C03844,Customer_03844,Male,29,Udaipur,Rajasthan,Medium Value
C03845,Customer_03845,Male,50,Durgapur,West Bengal,Medium Value
C03846,Customer_03846,Male,53,Ranchi,Jharkhand,High Value
C03847,Customer_03847,Female,31,Gurugram,Haryana,Medium Value
C03848,Customer_03848,Female,50,Panaji,Goa,Low Value
C03849,Customer_03849,Male,63,Faridabad,Haryana,High Value
C03850,Customer_03850,Male,62,Mumbai,Maharashtra,Low Value
C03851,Customer_03851,Female,62,Bhubaneswar,Odisha,Medium Value
C03852,Customer_03852,Male,41,Chennai,Tamil Nadu,Medium Value
C03853,Customer_03853,Female,32,Indore,Madhya Pradesh,High Value
C03854,Customer_03854,Female,48,Visakhapatnam,Andhra Pradesh,Low Value
C03855,Customer_03855,Male,34,Mangaluru,Karnataka,Medium Value
C03856,Customer_03856,Male,29,Jaipur,Rajasthan,Medium Value
C03857,Customer_03857,Male,39,Indore,Madhya Pradesh,Medium Value
C03858,Customer_03858,Male,40,Guwahati,Assam,High Value
C03859,Customer_03859,Male,43,Ahmedabad,Gujarat,Medium Value
C03860,Customer_03860,Female,31,Pune,Maharashtra,Medium Value
C03861,Customer_03861,Male,29,Bhopal,Madhya Pradesh,Low Value
C03862,Customer_03862,Female,21,Visakhapatnam,Andhra Pradesh,Low Value
C03863,Customer_03863,Female,63,Guwahati,Assam,Medium Value
C03864,Customer_03864,Male,30,Vijayawada,Andhra Pradesh,Low Value
C03865,Customer_03865,Male,35,Thiruvananthapuram,Kerala,Medium Value
C03866,Customer_03866,Male,60,Guwahati,Assam,Low Value
C03867,Customer_03867,Male,45,Hyderabad,Telangana,High Value
C03868,Customer_03868,Female,55,Raipur,Chhattisgarh,High Value
C03869,Customer_03869,Male,58,New Delhi,Delhi,Medium Value
C03870,Customer_03870,Female,61,Patna,Bihar,Low Value
C03871,Customer_03871,Male,36,Cuttack,Odisha,High Value
C03872,Customer_03872,Male,63,Ahmedabad,Gujarat,High Value
C03873,Customer_03873,Female,64,Thiruvananthapuram,Kerala,Medium Value
C03874,Customer_03874,Female,60,Hyderabad,Telangana,High Value
C03875,Customer_03875,Male,55,Mumbai,Maharashtra,Low Value
C03876,Customer_03876,Male,63,Bhubaneswar,Odisha,Medium Value
C03877,Customer_03877,Female,20,Udaipur,Rajasthan,Low Value
C03878,Customer_03878,Male,36,Raipur,Chhattisgarh,High Value
C03879,Customer_03879,Male,37,Bhubaneswar,Odisha,Medium Value
C03880,Customer_03880,Female,42,Kochi,Kerala,Low Value
C03881,Customer_03881,Female,28,Jamshedpur,Jharkhand,Low Value
C03882,Customer_03882,Female,34,Lucknow,Uttar Pradesh,Medium Value
C03883,Customer_03883,Female,52,Warangal,Telangana,Medium Value
C03884,Customer_03884,Female,31,Indore,Madhya Pradesh,Low Value
C03885,Customer_03885,Female,56,Kolkata,West Bengal,High Value
C03886,Customer_03886,Female,36,Ranchi,Jharkhand,Low Value
C03887,Customer_03887,Female,20,Nagpur,Maharashtra,Medium Value
C03888,Customer_03888,Female,51,Chennai,Tamil Nadu,Low Value
C03889,Customer_03889,Male,58,Kanpur,Uttar Pradesh,Medium Value
C03890,Customer_03890,Male,39,Guwahati,Assam,High Value
C03891,Customer_03891,Female,55,Bengaluru,Karnataka,Medium Value
C03892,Customer_03892,Female,44,Bhopal,Madhya Pradesh,Low Value
C03893,Customer_03893,Male,38,Warangal,Telangana,Low Value
C03894,Customer_03894,Female,58,Udaipur,Rajasthan,Medium Value
C03895,Customer_03895,Male,48,Delhi,Delhi,Medium Value
C03896,Customer_03896,Female,44,Guwahati,Assam,Medium Value
C03897,Customer_03897,Female,54,Indore,Madhya Pradesh,High Value
C03898,Customer_03898,Female,19,Madurai,Tamil Nadu,High Value
C03899,Customer_03899,Male,64,Gurugram,Haryana,Medium Value
C03900,Customer_03900,Female,26,Guwahati,Assam,Medium Value
C03901,Customer_03901,Male,36,Mysuru,Karnataka,High Value
C03902,Customer_03902,Male,59,Indore,Madhya Pradesh,Low Value
C03903,Customer_03903,Male,53,Patna,Bihar,Medium Value
C03904,Customer_03904,Female,27,Delhi,Delhi,Medium Value
C03905,Customer_03905,Male,57,Kolkata,West Bengal,High Value
C03906,Customer_03906,Male,62,Indore,Madhya Pradesh,Medium Value
C03907,Customer_03907,Female,56,Delhi,Delhi,Low Value
C03908,Customer_03908,Female,24,Gurugram,Haryana,Low Value
C03909,Customer_03909,Female,21,Nagpur,Maharashtra,Medium Value
C03910,Customer_03910,Female,32,Surat,Gujarat,Medium Value
C03911,Customer_03911,Male,29,Cuttack,Odisha,Low Value
C03912,Customer_03912,Female,65,Warangal,Telangana,Medium Value
C03913,Customer_03913,Female,23,Guwahati,Assam,Medium Value
C03914,Customer_03914,Male,26,Nashik,Maharashtra,Low Value
C03915,Customer_03915,Male,52,Hyderabad,Telangana,High Value
C03916,Customer_03916,Male,25,Hyderabad,Telangana,Medium Value
C03917,Customer_03917,Male,24,Visakhapatnam,Andhra Pradesh,High Value
C03918,Customer_03918,Female,21,Coimbatore,Tamil Nadu,Medium Value
C03919,Customer_03919,Female,30,Ranchi,Jharkhand,Medium Value
C03920,Customer_03920,Female,36,Kochi,Kerala,High Value
C03921,Customer_03921,Female,24,Guwahati,Assam,Low Value
C03922,Customer_03922,Male,27,Durgapur,West Bengal,Medium Value
C03923,Customer_03923,Female,42,Ahmedabad,Gujarat,Medium Value
C03924,Customer_03924,Male,61,Gaya,Bihar,Medium Value
C03925,Customer_03925,Female,52,Faridabad,Haryana,Low Value
C03926,Customer_03926,Male,42,Panaji,Goa,Medium Value
C03927,Customer_03927,Female,46,Raipur,Chhattisgarh,Low Value
C03928,Customer_03928,Male,29,Ahmedabad,Gujarat,Low Value
C03929,Customer_03929,Male,64,Delhi,Delhi,Low Value
C03930,Customer_03930,Male,57,Chennai,Tamil Nadu,Medium Value
C03931,Customer_03931,Female,29,Nashik,Maharashtra,Low Value
C03932,Customer_03932,Female,23,New Delhi,Delhi,Medium Value
C03933,Customer_03933,Male,27,Ludhiana,Punjab,High Value
C03934,Customer_03934,Female,19,Thiruvananthapuram,Kerala,High Value
C03935,Customer_03935,Female,62,Panaji,Goa,Low Value
C03936,Customer_03936,Female,42,Gaya,Bihar,Medium Value
C03937,Customer_03937,Female,24,Cuttack,Odisha,Low Value
C03938,Customer_03938,Male,57,Madurai,Tamil Nadu,Medium Value
C03939,Customer_03939,Male,40,New Delhi,Delhi,Medium Value
C03940,Customer_03940,Female,65,Bhubaneswar,Odisha,Low Value
C03941,Customer_03941,Female,28,Kochi,Kerala,High Value
C03942,Customer_03942,Female,53,Ranchi,Jharkhand,Low Value
C03943,Customer_03943,Female,65,Thiruvananthapuram,Kerala,Low Value
C03944,Customer_03944,Male,40,Kolkata,West Bengal,Medium Value
C03945,Customer_03945,Female,60,Vijayawada,Andhra Pradesh,Medium Value
C03946,Customer_03946,Male,24,Thane,Maharashtra,High Value
C03947,Customer_03947,Other,44,Jamshedpur,Jharkhand,Medium Value
C03948,Customer_03948,Male,30,Lucknow,Uttar Pradesh,High Value
C03949,Customer_03949,Female,34,Warangal,Telangana,Medium Value
C03950,Customer_03950,Female,49,Raipur,Chhattisgarh,Low Value
C03951,Customer_03951,Male,43,Gaya,Bihar,Medium Value
C03952,Customer_03952,Male,39,Surat,Gujarat,Low Value
C03953,Customer_03953,Female,30,Kolkata,West Bengal,Medium Value
C03954,Customer_03954,Female,29,Kanpur,Uttar Pradesh,High Value
C03955,Customer_03955,Male,24,Madurai,Tamil Nadu,Medium Value
C03956,Customer_03956,Female,18,Thiruvananthapuram,Kerala,Low Value
C03957,Customer_03957,Female,50,Ranchi,Jharkhand,High Value
C03958,Customer_03958,Male,31,Amritsar,Punjab,Low Value
C03959,Customer_03959,Male,64,Visakhapatnam,Andhra Pradesh,Medium Value
C03960,Customer_03960,Female,60,Vadodara,Gujarat,High Value
C03961,Customer_03961,Female,58,Lucknow,Uttar Pradesh,Medium Value
C03962,Customer_03962,Female,34,Faridabad,Haryana,Medium Value
C03963,Customer_03963,Female,21,Chennai,Tamil Nadu,Medium Value
C03964,Customer_03964,Male,56,Gaya,Bihar,Low Value
C03965,Customer_03965,Male,18,Cuttack,Odisha,Low Value
C03966,Customer_03966,Male,58,Margao,Goa,Low Value
C03967,Customer_03967,Male,62,Faridabad,Haryana,Low Value
C03968,Customer_03968,Female,41,Vijayawada,Andhra Pradesh,Low Value
C03969,Customer_03969,Female,51,Gaya,Bihar,Low Value
C03970,Customer_03970,Male,51,Jamshedpur,Jharkhand,High Value
C03971,Customer_03971,Male,41,Jaipur,Rajasthan,Medium Value
C03972,Customer_03972,Female,32,Mangaluru,Karnataka,High Value
C03973,Customer_03973,Female,34,Coimbatore,Tamil Nadu,Medium Value
C03974,Customer_03974,Female,30,Hyderabad,Telangana,Low Value
C03975,Customer_03975,Female,24,Ludhiana,Punjab,High Value
C03976,Customer_03976,Female,26,Guwahati,Assam,Medium Value
C03977,Customer_03977,Female,61,Nagpur,Maharashtra,Medium Value
C03978,Customer_03978,Male,52,Jamshedpur,Jharkhand,High Value
C03979,Customer_03979,Male,40,Bhopal,Madhya Pradesh,Medium Value
C03980,Customer_03980,Male,64,Thiruvananthapuram,Kerala,Medium Value
C03981,Customer_03981,Female,56,Raipur,Chhattisgarh,High Value
C03982,Customer_03982,Female,40,Cuttack,Odisha,Medium Value
C03983,Customer_03983,Female,43,Thiruvananthapuram,Kerala,Medium Value
C03984,Customer_03984,Male,18,Gurugram,Haryana,Medium Value
C03985,Customer_03985,Male,31,Raipur,Chhattisgarh,High Value
C03986,Customer_03986,Male,49,Delhi,Delhi,Medium Value
C03987,Customer_03987,Male,65,Bengaluru,Karnataka,High Value
C03988,Customer_03988,Female,27,Varanasi,Uttar Pradesh,Low Value
C03989,Customer_03989,Female,18,Kozhikode,Kerala,Medium Value
C03990,Customer_03990,Female,22,Bhopal,Madhya Pradesh,Low Value
C03991,Customer_03991,Female,20,Cuttack,Odisha,Low Value
C03992,Customer_03992,Female,44,Durgapur,West Bengal,Low Value
C03993,Customer_03993,Female,39,Faridabad,Haryana,Medium Value
C03994,Customer_03994,Male,35,Raipur,Chhattisgarh,Medium Value
C03995,Customer_03995,Female,33,Faridabad,Haryana,Medium Value
C03996,Customer_03996,Female,19,Udaipur,Rajasthan,High Value
C03997,Customer_03997,Female,64,Indore,Madhya Pradesh,Low Value
C03998,Customer_03998,Male,30,Kanpur,Uttar Pradesh,Medium Value
C03999,Customer_03999,Male,62,Gurugram,Haryana,Low Value
C04000,Customer_04000,Male,33,Nashik,Maharashtra,Low Value
C04001,Customer_04001,Female,25,Nagpur,Maharashtra,High Value
C04002,Customer_04002,Male,60,Raipur,Chhattisgarh,Low Value
C04003,Customer_04003,Female,25,Vadodara,Gujarat,Medium Value
C04004,Customer_04004,Female,27,Kozhikode,Kerala,Medium Value
C04005,Customer_04005,Male,50,Jodhpur,Rajasthan,Medium Value
C04006,Customer_04006,Female,48,Gurugram,Haryana,Low Value
C04007,Customer_04007,Female,29,Kochi,Kerala,Medium Value
C04008,Customer_04008,Male,26,Nashik,Maharashtra,Low Value
C04009,Customer_04009,Female,54,Guwahati,Assam,Medium Value
C04010,Customer_04010,Male,26,Mysuru,Karnataka,Medium Value
C04011,Customer_04011,Male,65,Raipur,Chhattisgarh,Medium Value
C04012,Customer_04012,Female,35,Patna,Bihar,Medium Value
C04013,Customer_04013,Female,47,Nagpur,Maharashtra,Medium Value
C04014,Customer_04014,Other,49,Mangaluru,Karnataka,Medium Value
C04015,Customer_04015,Female,57,Visakhapatnam,Andhra Pradesh,Low Value
C04016,Customer_04016,Female,40,Gurugram,Haryana,Medium Value
C04017,Customer_04017,Female,28,Patna,Bihar,Low Value
C04018,Customer_04018,Female,37,Visakhapatnam,Andhra Pradesh,High Value
C04019,Customer_04019,Female,36,Ranchi,Jharkhand,Medium Value
C04020,Customer_04020,Male,53,Kolkata,West Bengal,High Value
C04021,Customer_04021,Female,43,Jamshedpur,Jharkhand,High Value
C04022,Customer_04022,Male,27,Kolkata,West Bengal,Low Value
C04023,Customer_04023,Female,41,Gaya,Bihar,Low Value
C04024,Customer_04024,Male,30,Coimbatore,Tamil Nadu,Low Value
C04025,Customer_04025,Female,63,Jamshedpur,Jharkhand,Low Value
C04026,Customer_04026,Male,51,Vadodara,Gujarat,Low Value
C04027,Customer_04027,Male,46,Durgapur,West Bengal,Medium Value
C04028,Customer_04028,Female,53,Jamshedpur,Jharkhand,Low Value
C04029,Customer_04029,Male,24,Durgapur,West Bengal,Medium Value
C04030,Customer_04030,Female,47,Pune,Maharashtra,Medium Value
C04031,Customer_04031,Male,34,Jamshedpur,Jharkhand,Low Value
C04032,Customer_04032,Male,65,Ranchi,Jharkhand,High Value
C04033,Customer_04033,Male,30,Indore,Madhya Pradesh,Low Value
C04034,Customer_04034,Female,41,Surat,Gujarat,High Value
C04035,Customer_04035,Male,48,Gurugram,Haryana,Low Value
C04036,Customer_04036,Female,44,Indore,Madhya Pradesh,Medium Value
C04037,Customer_04037,Male,38,Vijayawada,Andhra Pradesh,Medium Value
C04038,Customer_04038,Male,61,Varanasi,Uttar Pradesh,High Value
C04039,Customer_04039,Male,18,Pune,Maharashtra,Low Value
C04040,Customer_04040,Male,32,Visakhapatnam,Andhra Pradesh,High Value
C04041,Customer_04041,Female,20,Varanasi,Uttar Pradesh,Medium Value
C04042,Customer_04042,Female,23,Raipur,Chhattisgarh,Medium Value
C04043,Customer_04043,Female,31,Ludhiana,Punjab,Medium Value
C04044,Customer_04044,Male,55,Raipur,Chhattisgarh,Low Value
C04045,Customer_04045,Male,50,Noida,Uttar Pradesh,High Value
C04046,Customer_04046,Male,55,Kolkata,West Bengal,Medium Value
C04047,Customer_04047,Female,25,Cuttack,Odisha,Medium Value
C04048,Customer_04048,Male,43,Raipur,Chhattisgarh,Medium Value
C04049,Customer_04049,Female,32,Raipur,Chhattisgarh,High Value
C04050,Customer_04050,Male,31,Mangaluru,Karnataka,Low Value
C04051,Customer_04051,Male,65,Kanpur,Uttar Pradesh,Low Value
C04052,Customer_04052,Male,37,Gaya,Bihar,High Value
C04053,Customer_04053,Male,65,Faridabad,Haryana,High Value
C04054,Customer_04054,Female,36,Surat,Gujarat,Low Value
C04055,Customer_04055,Male,50,Bhopal,Madhya Pradesh,High Value
C04056,Customer_04056,Female,53,Bhubaneswar,Odisha,Medium Value
C04057,Customer_04057,Male,41,Jaipur,Rajasthan,Medium Value
C04058,Customer_04058,Female,27,Guwahati,Assam,Medium Value
C04059,Customer_04059,Male,51,Raipur,Chhattisgarh,Low Value
C04060,Customer_04060,Female,53,Visakhapatnam,Andhra Pradesh,Low Value
C04061,Customer_04061,Female,64,Mangaluru,Karnataka,Medium Value
C04062,Customer_04062,Female,53,Jodhpur,Rajasthan,Low Value
C04063,Customer_04063,Male,33,Warangal,Telangana,Medium Value
C04064,Customer_04064,Female,32,Amritsar,Punjab,Medium Value
C04065,Customer_04065,Male,35,Gurugram,Haryana,High Value
C04066,Customer_04066,Male,24,Jaipur,Rajasthan,Low Value
C04067,Customer_04067,Male,64,New Delhi,Delhi,Medium Value
C04068,Customer_04068,Male,39,Faridabad,Haryana,Medium Value
C04069,Customer_04069,Other,49,Margao,Goa,Low Value
C04070,Customer_04070,Male,60,Jamshedpur,Jharkhand,Low Value
C04071,Customer_04071,Female,36,Patna,Bihar,Low Value
C04072,Customer_04072,Female,57,Guwahati,Assam,Medium Value
C04073,Customer_04073,Female,18,Mangaluru,Karnataka,Low Value
C04074,Customer_04074,Female,52,Patna,Bihar,Medium Value
C04075,Customer_04075,Male,22,Patna,Bihar,Low Value
C04076,Customer_04076,Female,29,Faridabad,Haryana,Low Value
C04077,Customer_04077,Male,29,Panaji,Goa,Low Value
C04078,Customer_04078,Female,38,Kozhikode,Kerala,Low Value
C04079,Customer_04079,Female,36,Vadodara,Gujarat,High Value
C04080,Customer_04080,Female,26,Raipur,Chhattisgarh,Low Value
C04081,Customer_04081,Male,60,Surat,Gujarat,Medium Value
C04082,Customer_04082,Male,65,Bhubaneswar,Odisha,Low Value
C04083,Customer_04083,Male,53,Udaipur,Rajasthan,Low Value
C04084,Customer_04084,Male,59,New Delhi,Delhi,High Value
C04085,Customer_04085,Male,64,Panaji,Goa,Medium Value
C04086,Customer_04086,Female,49,Indore,Madhya Pradesh,Low Value
C04087,Customer_04087,Male,52,Bhopal,Madhya Pradesh,Medium Value
C04088,Customer_04088,Female,48,Bhopal,Madhya Pradesh,Medium Value
C04089,Customer_04089,Female,49,Mysuru,Karnataka,High Value
C04090,Customer_04090,Female,54,Jamshedpur,Jharkhand,High Value
C04091,Customer_04091,Male,49,Lucknow,Uttar Pradesh,Low Value
C04092,Customer_04092,Male,60,Bengaluru,Karnataka,Medium Value
C04093,Customer_04093,Male,54,Gurugram,Haryana,High Value
C04094,Customer_04094,Male,56,Visakhapatnam,Andhra Pradesh,Low Value
C04095,Customer_04095,Female,55,New Delhi,Delhi,Low Value
C04096,Customer_04096,Male,47,Jaipur,Rajasthan,Medium Value
C04097,Customer_04097,Female,49,Kanpur,Uttar Pradesh,Medium Value
C04098,Customer_04098,Female,62,Coimbatore,Tamil Nadu,Low Value
C04099,Customer_04099,Female,19,Visakhapatnam,Andhra Pradesh,Medium Value
C04100,Customer_04100,Male,28,Gaya,Bihar,Low Value
C04101,Customer_04101,Male,37,Kolkata,West Bengal,Low Value
C04102,Customer_04102,Female,54,Panaji,Goa,High Value
C04103,Customer_04103,Male,26,Jamshedpur,Jharkhand,Low Value
C04104,Customer_04104,Male,55,Ahmedabad,Gujarat,Medium Value
C04105,Customer_04105,Male,36,Madurai,Tamil Nadu,Medium Value
C04106,Customer_04106,Male,57,Raipur,Chhattisgarh,Low Value
C04107,Customer_04107,Female,24,Ludhiana,Punjab,Medium Value
C04108,Customer_04108,Male,22,Durgapur,West Bengal,Low Value
C04109,Customer_04109,Female,64,Kanpur,Uttar Pradesh,Low Value
C04110,Customer_04110,Male,59,Warangal,Telangana,High Value
C04111,Customer_04111,Female,41,Jamshedpur,Jharkhand,Low Value
C04112,Customer_04112,Female,65,Visakhapatnam,Andhra Pradesh,Medium Value
C04113,Customer_04113,Female,58,Ahmedabad,Gujarat,Medium Value
C04114,Customer_04114,Male,24,Delhi,Delhi,Low Value
C04115,Customer_04115,Male,28,Thiruvananthapuram,Kerala,Medium Value
C04116,Customer_04116,Male,26,Madurai,Tamil Nadu,Low Value
C04117,Customer_04117,Female,47,Kozhikode,Kerala,Low Value
C04118,Customer_04118,Female,58,Ludhiana,Punjab,Medium Value
C04119,Customer_04119,Female,20,Kochi,Kerala,High Value
C04120,Customer_04120,Male,39,Gaya,Bihar,High Value
C04121,Customer_04121,Female,57,Indore,Madhya Pradesh,Low Value
C04122,Customer_04122,Male,37,Vijayawada,Andhra Pradesh,Medium Value
C04123,Customer_04123,Female,49,Udaipur,Rajasthan,Medium Value
C04124,Customer_04124,Male,65,Udaipur,Rajasthan,Medium Value
C04125,Customer_04125,Female,24,Jaipur,Rajasthan,Medium Value
C04126,Customer_04126,Male,24,Gaya,Bihar,Low Value
C04127,Customer_04127,Male,37,Mysuru,Karnataka,Low Value
C04128,Customer_04128,Female,42,Amritsar,Punjab,Medium Value
C04129,Customer_04129,Male,62,Kozhikode,Kerala,Medium Value
C04130,Customer_04130,Female,52,Amritsar,Punjab,Low Value
C04131,Customer_04131,Female,61,Bhopal,Madhya Pradesh,Medium Value
C04132,Customer_04132,Female,41,Gurugram,Haryana,Low Value
C04133,Customer_04133,Male,57,Vijayawada,Andhra Pradesh,Medium Value
C04134,Customer_04134,Male,30,Jamshedpur,Jharkhand,Medium Value
C04135,Customer_04135,Female,65,Bengaluru,Karnataka,Low Value
C04136,Customer_04136,Male,56,Guwahati,Assam,Medium Value
C04137,Customer_04137,Female,21,Amritsar,Punjab,Medium Value
C04138,Customer_04138,Male,29,Raipur,Chhattisgarh,High Value
C04139,Customer_04139,Male,34,Guwahati,Assam,Low Value
C04140,Customer_04140,Male,18,Jamshedpur,Jharkhand,Low Value
C04141,Customer_04141,Male,34,Warangal,Telangana,Medium Value
C04142,Customer_04142,Male,19,Faridabad,Haryana,Low Value
C04143,Customer_04143,Female,23,Vadodara,Gujarat,Medium Value
C04144,Customer_04144,Female,61,Hyderabad,Telangana,Medium Value
C04145,Customer_04145,Male,28,Vadodara,Gujarat,Low Value
C04146,Customer_04146,Female,60,Mumbai,Maharashtra,Low Value
C04147,Customer_04147,Female,35,Gaya,Bihar,Medium Value
C04148,Customer_04148,Female,57,Cuttack,Odisha,High Value
C04149,Customer_04149,Female,42,Gaya,Bihar,High Value
C04150,Customer_04150,Female,56,New Delhi,Delhi,Low Value
C04151,Customer_04151,Male,45,Kolkata,West Bengal,Low Value
C04152,Customer_04152,Male,63,Kozhikode,Kerala,Low Value
C04153,Customer_04153,Male,33,Kolkata,West Bengal,Low Value
C04154,Customer_04154,Female,29,Gurugram,Haryana,Low Value
C04155,Customer_04155,Male,58,Faridabad,Haryana,Low Value
C04156,Customer_04156,Female,46,New Delhi,Delhi,High Value
C04157,Customer_04157,Male,40,Warangal,Telangana,Medium Value
C04158,Customer_04158,Female,38,Margao,Goa,Medium Value
C04159,Customer_04159,Male,33,Madurai,Tamil Nadu,Medium Value
C04160,Customer_04160,Male,65,Margao,Goa,Low Value
C04161,Customer_04161,Male,58,Ludhiana,Punjab,Low Value
C04162,Customer_04162,Male,62,Pune,Maharashtra,Medium Value
C04163,Customer_04163,Male,43,Jodhpur,Rajasthan,Low Value
C04164,Customer_04164,Female,54,Pune,Maharashtra,Medium Value
C04165,Customer_04165,Male,39,Coimbatore,Tamil Nadu,Medium Value
C04166,Customer_04166,Male,27,Warangal,Telangana,Medium Value
C04167,Customer_04167,Female,24,Surat,Gujarat,Medium Value
C04168,Customer_04168,Male,26,Faridabad,Haryana,Medium Value
C04169,Customer_04169,Female,42,Chennai,Tamil Nadu,Medium Value
C04170,Customer_04170,Other,63,Bhubaneswar,Odisha,Low Value
C04171,Customer_04171,Male,32,Guwahati,Assam,Medium Value
C04172,Customer_04172,Male,30,Vijayawada,Andhra Pradesh,Medium Value
C04173,Customer_04173,Male,59,Warangal,Telangana,High Value
C04174,Customer_04174,Female,63,Bhubaneswar,Odisha,Low Value
C04175,Customer_04175,Female,43,Jaipur,Rajasthan,Medium Value
C04176,Customer_04176,Female,38,Kolkata,West Bengal,Low Value
C04177,Customer_04177,Female,40,Jaipur,Rajasthan,Medium Value
C04178,Customer_04178,Male,61,Gaya,Bihar,Medium Value
C04179,Customer_04179,Female,45,Warangal,Telangana,Low Value
C04180,Customer_04180,Female,55,Guwahati,Assam,Medium Value
C04181,Customer_04181,Female,29,Mangaluru,Karnataka,Low Value
C04182,Customer_04182,Female,41,Jodhpur,Rajasthan,Medium Value
C04183,Customer_04183,Female,30,Indore,Madhya Pradesh,Low Value
C04184,Customer_04184,Male,57,Pune,Maharashtra,Low Value
C04185,Customer_04185,Male,65,Hyderabad,Telangana,High Value
C04186,Customer_04186,Female,19,Visakhapatnam,Andhra Pradesh,Medium Value
C04187,Customer_04187,Male,56,Margao,Goa,High Value
C04188,Customer_04188,Female,29,Ludhiana,Punjab,High Value
C04189,Customer_04189,Male,56,Indore,Madhya Pradesh,Low Value
C04190,Customer_04190,Female,31,Kozhikode,Kerala,High Value
C04191,Customer_04191,Female,47,Surat,Gujarat,Medium Value
C04192,Customer_04192,Male,58,Patna,Bihar,Medium Value
C04193,Customer_04193,Female,60,Vadodara,Gujarat,Medium Value
C04194,Customer_04194,Female,65,Faridabad,Haryana,High Value
C04195,Customer_04195,Female,36,Visakhapatnam,Andhra Pradesh,Medium Value
C04196,Customer_04196,Male,48,Gaya,Bihar,Low Value
C04197,Customer_04197,Male,60,Jamshedpur,Jharkhand,Medium Value
C04198,Customer_04198,Male,60,Surat,Gujarat,Low Value
C04199,Customer_04199,Male,42,Margao,Goa,High Value
C04200,Customer_04200,Female,21,Bhopal,Madhya Pradesh,Low Value
C04201,Customer_04201,Female,30,Raipur,Chhattisgarh,Low Value
C04202,Customer_04202,Female,53,Bhopal,Madhya Pradesh,Medium Value
C04203,Customer_04203,Female,59,Visakhapatnam,Andhra Pradesh,Low Value
C04204,Customer_04204,Female,54,Vadodara,Gujarat,Low Value
C04205,Customer_04205,Male,20,Warangal,Telangana,Medium Value
C04206,Customer_04206,Female,33,Cuttack,Odisha,Low Value
C04207,Customer_04207,Male,43,Guwahati,Assam,Medium Value
C04208,Customer_04208,Female,57,Ranchi,Jharkhand,Medium Value
C04209,Customer_04209,Male,56,New Delhi,Delhi,Medium Value
C04210,Customer_04210,Male,36,Faridabad,Haryana,Low Value
C04211,Customer_04211,Female,63,Indore,Madhya Pradesh,Medium Value
C04212,Customer_04212,Female,32,Vadodara,Gujarat,Medium Value
C04213,Customer_04213,Female,49,Surat,Gujarat,Medium Value
C04214,Customer_04214,Female,38,Vijayawada,Andhra Pradesh,Low Value
C04215,Customer_04215,Male,18,Madurai,Tamil Nadu,Low Value
C04216,Customer_04216,Female,23,Kozhikode,Kerala,High Value
C04217,Customer_04217,Male,44,Raipur,Chhattisgarh,Low Value
C04218,Customer_04218,Female,40,Delhi,Delhi,Medium Value
C04219,Customer_04219,Female,64,Raipur,Chhattisgarh,Medium Value
C04220,Customer_04220,Male,48,Indore,Madhya Pradesh,Medium Value
C04221,Customer_04221,Female,29,Mangaluru,Karnataka,Low Value
C04222,Customer_04222,Female,38,Kozhikode,Kerala,Low Value
C04223,Customer_04223,Male,19,Indore,Madhya Pradesh,Medium Value
C04224,Customer_04224,Female,22,Panaji,Goa,Medium Value
C04225,Customer_04225,Female,26,Visakhapatnam,Andhra Pradesh,Medium Value
C04226,Customer_04226,Female,37,Raipur,Chhattisgarh,High Value
C04227,Customer_04227,Male,63,Bhopal,Madhya Pradesh,Low Value
C04228,Customer_04228,Male,35,Cuttack,Odisha,Medium Value
C04229,Customer_04229,Female,39,Mysuru,Karnataka,Medium Value
C04230,Customer_04230,Male,25,Madurai,Tamil Nadu,Low Value
C04231,Customer_04231,Female,51,Coimbatore,Tamil Nadu,High Value
C04232,Customer_04232,Male,26,Raipur,Chhattisgarh,Low Value
C04233,Customer_04233,Female,24,Ludhiana,Punjab,Low Value
C04234,Customer_04234,Female,47,Guwahati,Assam,Low Value
C04235,Customer_04235,Male,35,Delhi,Delhi,High Value
C04236,Customer_04236,Male,44,Ranchi,Jharkhand,Medium Value
C04237,Customer_04237,Female,33,Thiruvananthapuram,Kerala,High Value
C04238,Customer_04238,Female,38,Panaji,Goa,Medium Value
C04239,Customer_04239,Male,22,Warangal,Telangana,Low Value
C04240,Customer_04240,Female,46,Bhubaneswar,Odisha,High Value
C04241,Customer_04241,Male,64,Bhopal,Madhya Pradesh,Low Value
C04242,Customer_04242,Male,54,Indore,Madhya Pradesh,Medium Value
C04243,Customer_04243,Female,60,Guwahati,Assam,Low Value
C04244,Customer_04244,Male,39,Guwahati,Assam,Medium Value
C04245,Customer_04245,Female,31,Bhopal,Madhya Pradesh,Medium Value
C04246,Customer_04246,Male,36,Amritsar,Punjab,Medium Value
C04247,Customer_04247,Male,52,Chennai,Tamil Nadu,Low Value
C04248,Customer_04248,Male,41,Noida,Uttar Pradesh,Medium Value
C04249,Customer_04249,Female,59,Noida,Uttar Pradesh,Medium Value
C04250,Customer_04250,Female,23,Kozhikode,Kerala,High Value
C04251,Customer_04251,Female,20,Raipur,Chhattisgarh,Medium Value
C04252,Customer_04252,Male,51,Nagpur,Maharashtra,Low Value
C04253,Customer_04253,Male,62,Durgapur,West Bengal,Low Value
C04254,Customer_04254,Female,19,Delhi,Delhi,Medium Value
C04255,Customer_04255,Male,32,Nashik,Maharashtra,Medium Value
C04256,Customer_04256,Female,54,Gurugram,Haryana,High Value
C04257,Customer_04257,Male,32,Jodhpur,Rajasthan,Low Value
C04258,Customer_04258,Female,49,Ludhiana,Punjab,Medium Value
C04259,Customer_04259,Male,38,Guwahati,Assam,Low Value
C04260,Customer_04260,Female,34,Faridabad,Haryana,Low Value
C04261,Customer_04261,Male,51,Ranchi,Jharkhand,Low Value
C04262,Customer_04262,Male,49,Bhubaneswar,Odisha,Low Value
C04263,Customer_04263,Male,64,Bhubaneswar,Odisha,High Value
C04264,Customer_04264,Male,40,Guwahati,Assam,Low Value
C04265,Customer_04265,Male,52,Margao,Goa,Low Value
C04266,Customer_04266,Female,54,Guwahati,Assam,Medium Value
C04267,Customer_04267,Female,60,Visakhapatnam,Andhra Pradesh,Low Value
C04268,Customer_04268,Female,58,Pune,Maharashtra,Low Value
C04269,Customer_04269,Female,54,Indore,Madhya Pradesh,Low Value
C04270,Customer_04270,Female,50,Faridabad,Haryana,Medium Value
C04271,Customer_04271,Male,42,Amritsar,Punjab,Medium Value
C04272,Customer_04272,Male,63,Jodhpur,Rajasthan,High Value
C04273,Customer_04273,Male,54,Panaji,Goa,Low Value
C04274,Customer_04274,Female,57,Hyderabad,Telangana,Low Value
C04275,Customer_04275,Male,38,Surat,Gujarat,Low Value
C04276,Customer_04276,Male,63,Patna,Bihar,Medium Value
C04277,Customer_04277,Female,65,Gaya,Bihar,Low Value
C04278,Customer_04278,Male,55,Mysuru,Karnataka,Medium Value
C04279,Customer_04279,Female,57,Coimbatore,Tamil Nadu,Medium Value
C04280,Customer_04280,Female,51,Jamshedpur,Jharkhand,Low Value
C04281,Customer_04281,Male,36,Hyderabad,Telangana,High Value
C04282,Customer_04282,Male,44,Mangaluru,Karnataka,High Value
C04283,Customer_04283,Female,26,Delhi,Delhi,Low Value
C04284,Customer_04284,Female,22,Bhopal,Madhya Pradesh,Medium Value
C04285,Customer_04285,Male,22,Jaipur,Rajasthan,Low Value
C04286,Customer_04286,Female,42,Ludhiana,Punjab,Medium Value
C04287,Customer_04287,Female,43,Udaipur,Rajasthan,High Value
C04288,Customer_04288,Male,36,Bhopal,Madhya Pradesh,Medium Value
C04289,Customer_04289,Male,47,Panaji,Goa,Low Value
C04290,Customer_04290,Female,53,Jodhpur,Rajasthan,Medium Value
C04291,Customer_04291,Male,65,Udaipur,Rajasthan,Low Value
C04292,Customer_04292,Female,65,Ranchi,Jharkhand,Medium Value
C04293,Customer_04293,Male,33,Panaji,Goa,Low Value
C04294,Customer_04294,Female,24,Margao,Goa,High Value
C04295,Customer_04295,Female,35,Vijayawada,Andhra Pradesh,Medium Value
C04296,Customer_04296,Female,38,Cuttack,Odisha,Medium Value
C04297,Customer_04297,Male,48,Indore,Madhya Pradesh,High Value
C04298,Customer_04298,Male,18,Durgapur,West Bengal,Medium Value
C04299,Customer_04299,Female,20,Visakhapatnam,Andhra Pradesh,High Value
C04300,Customer_04300,Male,48,Gaya,Bihar,Low Value
C04301,Customer_04301,Male,42,Faridabad,Haryana,Medium Value
C04302,Customer_04302,Female,25,Visakhapatnam,Andhra Pradesh,Medium Value
C04303,Customer_04303,Male,18,Noida,Uttar Pradesh,Low Value
C04304,Customer_04304,Male,24,Surat,Gujarat,Medium Value
C04305,Customer_04305,Male,24,Raipur,Chhattisgarh,Medium Value
C04306,Customer_04306,Female,25,Margao,Goa,Medium Value
C04307,Customer_04307,Female,36,Madurai,Tamil Nadu,Medium Value
C04308,Customer_04308,Male,34,Kochi,Kerala,Medium Value
C04309,Customer_04309,Male,28,Ranchi,Jharkhand,Medium Value
C04310,Customer_04310,Male,64,Faridabad,Haryana,Low Value
C04311,Customer_04311,Female,58,Jodhpur,Rajasthan,High Value
C04312,Customer_04312,Male,28,Gurugram,Haryana,High Value
C04313,Customer_04313,Female,55,Bhubaneswar,Odisha,Medium Value
C04314,Customer_04314,Male,58,Margao,Goa,Medium Value
C04315,Customer_04315,Other,19,Kolkata,West Bengal,Medium Value
C04316,Customer_04316,Male,21,Amritsar,Punjab,Low Value
C04317,Customer_04317,Female,45,Jamshedpur,Jharkhand,Low Value
C04318,Customer_04318,Male,50,Jamshedpur,Jharkhand,Low Value
C04319,Customer_04319,Male,28,Kochi,Kerala,Medium Value
C04320,Customer_04320,Female,20,Raipur,Chhattisgarh,Low Value
C04321,Customer_04321,Female,57,Bhubaneswar,Odisha,Medium Value
C04322,Customer_04322,Male,22,Bhopal,Madhya Pradesh,High Value
C04323,Customer_04323,Female,38,Bengaluru,Karnataka,Medium Value
C04324,Customer_04324,Female,39,Guwahati,Assam,Low Value
C04325,Customer_04325,Female,54,Durgapur,West Bengal,High Value
C04326,Customer_04326,Male,28,Amritsar,Punjab,Medium Value
C04327,Customer_04327,Female,61,Bengaluru,Karnataka,Low Value
C04328,Customer_04328,Male,39,Margao,Goa,Medium Value
C04329,Customer_04329,Male,58,Guwahati,Assam,Low Value
C04330,Customer_04330,Female,30,Hyderabad,Telangana,Medium Value
C04331,Customer_04331,Male,20,Kozhikode,Kerala,Medium Value
C04332,Customer_04332,Male,30,Margao,Goa,Medium Value
C04333,Customer_04333,Female,45,Gurugram,Haryana,Medium Value
C04334,Customer_04334,Female,28,Madurai,Tamil Nadu,Medium Value
C04335,Customer_04335,Male,28,Panaji,Goa,Low Value
C04336,Customer_04336,Male,38,Surat,Gujarat,Low Value
C04337,Customer_04337,Female,38,Coimbatore,Tamil Nadu,Low Value
C04338,Customer_04338,Male,24,Jaipur,Rajasthan,High Value
C04339,Customer_04339,Female,34,Jodhpur,Rajasthan,High Value
C04340,Customer_04340,Female,65,Udaipur,Rajasthan,Medium Value
C04341,Customer_04341,Male,31,Ludhiana,Punjab,Low Value
C04342,Customer_04342,Female,50,Udaipur,Rajasthan,Low Value
C04343,Customer_04343,Female,28,Bhopal,Madhya Pradesh,Low Value
C04344,Customer_04344,Male,30,Cuttack,Odisha,Medium Value
C04345,Customer_04345,Female,18,Udaipur,Rajasthan,High Value
C04346,Customer_04346,Female,51,Thiruvananthapuram,Kerala,Low Value
C04347,Customer_04347,Female,26,Kolkata,West Bengal,High Value
C04348,Customer_04348,Female,30,Jamshedpur,Jharkhand,High Value
C04349,Customer_04349,Male,54,Delhi,Delhi,Low Value
C04350,Customer_04350,Male,47,Patna,Bihar,Medium Value
C04351,Customer_04351,Male,58,New Delhi,Delhi,High Value
C04352,Customer_04352,Male,62,Madurai,Tamil Nadu,Medium Value
C04353,Customer_04353,Male,54,New Delhi,Delhi,High Value
C04354,Customer_04354,Female,64,Guwahati,Assam,Medium Value
C04355,Customer_04355,Female,24,Warangal,Telangana,Medium Value
C04356,Customer_04356,Female,31,Mysuru,Karnataka,Low Value
C04357,Customer_04357,Female,65,Bhopal,Madhya Pradesh,Medium Value
C04358,Customer_04358,Female,23,Cuttack,Odisha,Medium Value
C04359,Customer_04359,Male,51,Chennai,Tamil Nadu,High Value
C04360,Customer_04360,Female,33,Hyderabad,Telangana,Medium Value
C04361,Customer_04361,Male,54,Thiruvananthapuram,Kerala,Low Value
C04362,Customer_04362,Female,53,Jodhpur,Rajasthan,Low Value
C04363,Customer_04363,Female,63,Cuttack,Odisha,Medium Value
C04364,Customer_04364,Male,23,Vadodara,Gujarat,Medium Value
C04365,Customer_04365,Female,25,Ludhiana,Punjab,Low Value
C04366,Customer_04366,Female,41,Visakhapatnam,Andhra Pradesh,Medium Value
C04367,Customer_04367,Male,20,Ranchi,Jharkhand,High Value
C04368,Customer_04368,Female,21,Nashik,Maharashtra,Medium Value
C04369,Customer_04369,Male,49,Thiruvananthapuram,Kerala,Medium Value
C04370,Customer_04370,Male,18,Kochi,Kerala,High Value
C04371,Customer_04371,Female,51,Bengaluru,Karnataka,Medium Value
C04372,Customer_04372,Female,62,Lucknow,Uttar Pradesh,Medium Value
C04373,Customer_04373,Female,26,Gaya,Bihar,Low Value
C04374,Customer_04374,Female,29,Visakhapatnam,Andhra Pradesh,Medium Value
C04375,Customer_04375,Male,27,Guwahati,Assam,High Value
C04376,Customer_04376,Female,27,Raipur,Chhattisgarh,Medium Value
C04377,Customer_04377,Female,61,Ludhiana,Punjab,Medium Value
C04378,Customer_04378,Female,65,Jaipur,Rajasthan,Medium Value
C04379,Customer_04379,Male,40,Ranchi,Jharkhand,Medium Value
C04380,Customer_04380,Female,23,Faridabad,Haryana,Low Value
C04381,Customer_04381,Female,41,Kochi,Kerala,Low Value
C04382,Customer_04382,Female,41,Gurugram,Haryana,High Value
C04383,Customer_04383,Female,38,Faridabad,Haryana,Low Value
C04384,Customer_04384,Male,59,Durgapur,West Bengal,Medium Value
C04385,Customer_04385,Female,48,Gaya,Bihar,Medium Value
C04386,Customer_04386,Female,64,Ranchi,Jharkhand,Low Value
C04387,Customer_04387,Male,58,Lucknow,Uttar Pradesh,Low Value
C04388,Customer_04388,Female,47,Jaipur,Rajasthan,High Value
C04389,Customer_04389,Male,51,Panaji,Goa,High Value
C04390,Customer_04390,Male,35,Guwahati,Assam,Medium Value
C04391,Customer_04391,Female,29,Gaya,Bihar,Medium Value
C04392,Customer_04392,Male,52,Visakhapatnam,Andhra Pradesh,Low Value
C04393,Customer_04393,Male,24,Noida,Uttar Pradesh,High Value
C04394,Customer_04394,Female,58,Amritsar,Punjab,Medium Value
C04395,Customer_04395,Male,57,Amritsar,Punjab,Medium Value
C04396,Customer_04396,Male,42,Warangal,Telangana,High Value
C04397,Customer_04397,Male,23,Raipur,Chhattisgarh,Low Value
C04398,Customer_04398,Male,18,Kolkata,West Bengal,Low Value
C04399,Customer_04399,Female,63,Ahmedabad,Gujarat,Medium Value
C04400,Customer_04400,Female,33,Visakhapatnam,Andhra Pradesh,High Value
C04401,Customer_04401,Female,65,Guwahati,Assam,High Value
C04402,Customer_04402,Female,21,Visakhapatnam,Andhra Pradesh,Medium Value
C04403,Customer_04403,Male,46,Kolkata,West Bengal,Medium Value
C04404,Customer_04404,Female,55,Delhi,Delhi,Medium Value
C04405,Customer_04405,Female,64,Udaipur,Rajasthan,Medium Value
C04406,Customer_04406,Female,45,Patna,Bihar,Medium Value
C04407,Customer_04407,Female,39,Patna,Bihar,Low Value
C04408,Customer_04408,Female,25,Ranchi,Jharkhand,High Value
C04409,Customer_04409,Female,49,Ranchi,Jharkhand,Low Value
C04410,Customer_04410,Male,50,Madurai,Tamil Nadu,Medium Value
C04411,Customer_04411,Female,30,Warangal,Telangana,Low Value
C04412,Customer_04412,Male,44,Raipur,Chhattisgarh,High Value
C04413,Customer_04413,Male,35,Gaya,Bihar,Low Value
C04414,Customer_04414,Male,35,Cuttack,Odisha,High Value
C04415,Customer_04415,Male,30,New Delhi,Delhi,Low Value
C04416,Customer_04416,Male,39,Kolkata,West Bengal,Low Value
C04417,Customer_04417,Male,31,Udaipur,Rajasthan,Medium Value
C04418,Customer_04418,Female,28,Gaya,Bihar,Medium Value
C04419,Customer_04419,Female,56,Hyderabad,Telangana,Low Value
C04420,Customer_04420,Other,39,Warangal,Telangana,Low Value
C04421,Customer_04421,Male,53,Ahmedabad,Gujarat,Low Value
C04422,Customer_04422,Female,34,Surat,Gujarat,Low Value
C04423,Customer_04423,Female,49,Gaya,Bihar,Low Value
C04424,Customer_04424,Male,31,Bengaluru,Karnataka,Medium Value
C04425,Customer_04425,Female,59,Vijayawada,Andhra Pradesh,High Value
C04426,Customer_04426,Female,46,Warangal,Telangana,High Value
C04427,Customer_04427,Male,23,Jodhpur,Rajasthan,Medium Value
C04428,Customer_04428,Female,21,Jaipur,Rajasthan,Medium Value
C04429,Customer_04429,Female,28,Warangal,Telangana,Medium Value
C04430,Customer_04430,Male,62,Bhubaneswar,Odisha,Medium Value
C04431,Customer_04431,Male,57,Surat,Gujarat,Medium Value
C04432,Customer_04432,Male,27,Kozhikode,Kerala,Medium Value
C04433,Customer_04433,Male,45,Vadodara,Gujarat,Medium Value
C04434,Customer_04434,Female,28,Amritsar,Punjab,Medium Value
C04435,Customer_04435,Female,52,Jamshedpur,Jharkhand,High Value
C04436,Customer_04436,Male,32,Madurai,Tamil Nadu,Low Value
C04437,Customer_04437,Female,25,Margao,Goa,Medium Value
C04438,Customer_04438,Male,37,Lucknow,Uttar Pradesh,Low Value
C04439,Customer_04439,Male,38,Panaji,Goa,Medium Value
C04440,Customer_04440,Male,18,Durgapur,West Bengal,High Value
C04441,Customer_04441,Female,46,New Delhi,Delhi,High Value
C04442,Customer_04442,Male,41,Gaya,Bihar,High Value
C04443,Customer_04443,Male,47,Patna,Bihar,High Value
C04444,Customer_04444,Male,57,Kozhikode,Kerala,High Value
C04445,Customer_04445,Female,52,Guwahati,Assam,Low Value
C04446,Customer_04446,Other,50,Ranchi,Jharkhand,Low Value
C04447,Customer_04447,Male,37,Margao,Goa,Low Value
C04448,Customer_04448,Male,33,Panaji,Goa,Low Value
C04449,Customer_04449,Female,26,Gaya,Bihar,Medium Value
C04450,Customer_04450,Female,48,Ranchi,Jharkhand,Medium Value
C04451,Customer_04451,Male,34,New Delhi,Delhi,High Value
C04452,Customer_04452,Female,48,Pune,Maharashtra,High Value
C04453,Customer_04453,Female,65,Pune,Maharashtra,Low Value
C04454,Customer_04454,Male,40,Faridabad,Haryana,Low Value
C04455,Customer_04455,Female,23,Patna,Bihar,Low Value
C04456,Customer_04456,Female,47,Ranchi,Jharkhand,Low Value
C04457,Customer_04457,Female,24,Udaipur,Rajasthan,Medium Value
C04458,Customer_04458,Male,65,Guwahati,Assam,Medium Value
C04459,Customer_04459,Male,57,Patna,Bihar,Medium Value
C04460,Customer_04460,Male,59,Bhubaneswar,Odisha,Low Value
C04461,Customer_04461,Male,63,Jodhpur,Rajasthan,Low Value
C04462,Customer_04462,Female,28,Jodhpur,Rajasthan,Medium Value
C04463,Customer_04463,Female,51,Faridabad,Haryana,High Value
C04464,Customer_04464,Female,29,Patna,Bihar,Medium Value
C04465,Customer_04465,Other,62,Durgapur,West Bengal,Medium Value
C04466,Customer_04466,Male,64,Chennai,Tamil Nadu,Low Value
C04467,Customer_04467,Female,44,Jamshedpur,Jharkhand,High Value
C04468,Customer_04468,Female,29,Visakhapatnam,Andhra Pradesh,Medium Value
C04469,Customer_04469,Male,30,Mangaluru,Karnataka,Medium Value
C04470,Customer_04470,Female,25,Guwahati,Assam,Low Value
C04471,Customer_04471,Male,33,Ranchi,Jharkhand,Medium Value
C04472,Customer_04472,Female,46,Durgapur,West Bengal,Medium Value
C04473,Customer_04473,Female,52,Gaya,Bihar,Medium Value
C04474,Customer_04474,Male,46,Guwahati,Assam,High Value
C04475,Customer_04475,Female,48,Cuttack,Odisha,Medium Value
C04476,Customer_04476,Female,30,Guwahati,Assam,Low Value
C04477,Customer_04477,Male,29,Patna,Bihar,Low Value
C04478,Customer_04478,Male,19,Indore,Madhya Pradesh,Medium Value
C04479,Customer_04479,Male,50,Visakhapatnam,Andhra Pradesh,Medium Value
C04480,Customer_04480,Female,25,Jamshedpur,Jharkhand,Low Value
C04481,Customer_04481,Female,58,Jodhpur,Rajasthan,Low Value
C04482,Customer_04482,Female,57,Raipur,Chhattisgarh,High Value
C04483,Customer_04483,Female,58,Panaji,Goa,Medium Value
C04484,Customer_04484,Female,49,Faridabad,Haryana,Low Value
C04485,Customer_04485,Male,55,Kanpur,Uttar Pradesh,Medium Value
C04486,Customer_04486,Female,45,Margao,Goa,Low Value
C04487,Customer_04487,Male,32,Kochi,Kerala,Low Value
C04488,Customer_04488,Male,40,Ludhiana,Punjab,High Value
C04489,Customer_04489,Female,41,Panaji,Goa,Low Value
C04490,Customer_04490,Male,30,Nagpur,Maharashtra,Medium Value
C04491,Customer_04491,Female,38,Panaji,Goa,Low Value
C04492,Customer_04492,Female,29,Lucknow,Uttar Pradesh,Medium Value
C04493,Customer_04493,Male,30,Gurugram,Haryana,Medium Value
C04494,Customer_04494,Male,56,Thane,Maharashtra,Low Value
C04495,Customer_04495,Female,40,Ludhiana,Punjab,Low Value
C04496,Customer_04496,Female,63,Vadodara,Gujarat,Low Value
C04497,Customer_04497,Male,60,Indore,Madhya Pradesh,Medium Value
C04498,Customer_04498,Male,45,Mysuru,Karnataka,Medium Value
C04499,Customer_04499,Female,31,Visakhapatnam,Andhra Pradesh,Medium Value
C04500,Customer_04500,Female,34,Kanpur,Uttar Pradesh,Low Value
C04501,Customer_04501,Male,41,Gurugram,Haryana,Medium Value
C04502,Customer_04502,Male,51,Ludhiana,Punjab,High Value
C04503,Customer_04503,Female,65,Nashik,Maharashtra,Medium Value
C04504,Customer_04504,Female,39,Patna,Bihar,Medium Value
C04505,Customer_04505,Other,27,Bhubaneswar,Odisha,Low Value
C04506,Customer_04506,Female,25,Jodhpur,Rajasthan,Low Value
C04507,Customer_04507,Female,38,Jodhpur,Rajasthan,Low Value
C04508,Customer_04508,Male,54,Ludhiana,Punjab,Low Value
C04509,Customer_04509,Female,24,Nagpur,Maharashtra,Medium Value
C04510,Customer_04510,Male,43,Bhopal,Madhya Pradesh,Medium Value
C04511,Customer_04511,Female,30,Jaipur,Rajasthan,Low Value
C04512,Customer_04512,Male,33,Kozhikode,Kerala,Low Value
C04513,Customer_04513,Male,47,Raipur,Chhattisgarh,High Value
C04514,Customer_04514,Female,48,Indore,Madhya Pradesh,High Value
C04515,Customer_04515,Female,22,Kolkata,West Bengal,High Value
C04516,Customer_04516,Male,49,Bhopal,Madhya Pradesh,Medium Value
C04517,Customer_04517,Female,33,Jamshedpur,Jharkhand,High Value
C04518,Customer_04518,Male,64,Mumbai,Maharashtra,Low Value
C04519,Customer_04519,Male,26,Jodhpur,Rajasthan,Low Value
C04520,Customer_04520,Female,39,Hyderabad,Telangana,Medium Value
C04521,Customer_04521,Male,61,Guwahati,Assam,Medium Value
C04522,Customer_04522,Female,57,Warangal,Telangana,Low Value
C04523,Customer_04523,Male,62,Chennai,Tamil Nadu,Medium Value
C04524,Customer_04524,Female,54,Gaya,Bihar,Medium Value
C04525,Customer_04525,Female,31,Raipur,Chhattisgarh,Medium Value
C04526,Customer_04526,Male,33,Udaipur,Rajasthan,Medium Value
C04527,Customer_04527,Male,60,Kanpur,Uttar Pradesh,High Value
C04528,Customer_04528,Female,37,Ranchi,Jharkhand,Medium Value
C04529,Customer_04529,Female,61,Vadodara,Gujarat,Low Value
C04530,Customer_04530,Male,32,Raipur,Chhattisgarh,Low Value
C04531,Customer_04531,Female,61,Bhopal,Madhya Pradesh,Medium Value
C04532,Customer_04532,Male,43,Jamshedpur,Jharkhand,Medium Value
C04533,Customer_04533,Male,26,Raipur,Chhattisgarh,Low Value
C04534,Customer_04534,Male,18,Bengaluru,Karnataka,Low Value
C04535,Customer_04535,Male,52,Jaipur,Rajasthan,Medium Value
C04536,Customer_04536,Female,61,Raipur,Chhattisgarh,Medium Value
C04537,Customer_04537,Female,37,Durgapur,West Bengal,Low Value
C04538,Customer_04538,Female,62,Ranchi,Jharkhand,Medium Value
C04539,Customer_04539,Female,23,Warangal,Telangana,High Value
C04540,Customer_04540,Female,59,Raipur,Chhattisgarh,Medium Value
C04541,Customer_04541,Female,27,Hyderabad,Telangana,Medium Value
C04542,Customer_04542,Female,65,Mysuru,Karnataka,Medium Value
C04543,Customer_04543,Female,50,Warangal,Telangana,Medium Value
C04544,Customer_04544,Female,33,Chennai,Tamil Nadu,High Value
C04545,Customer_04545,Male,53,Raipur,Chhattisgarh,Medium Value
C04546,Customer_04546,Female,23,Margao,Goa,Medium Value
C04547,Customer_04547,Female,36,New Delhi,Delhi,High Value
C04548,Customer_04548,Female,48,Jamshedpur,Jharkhand,Low Value
C04549,Customer_04549,Female,19,Bhopal,Madhya Pradesh,Medium Value
C04550,Customer_04550,Female,35,Delhi,Delhi,High Value
C04551,Customer_04551,Other,59,Gaya,Bihar,Medium Value
C04552,Customer_04552,Male,45,Margao,Goa,Low Value
C04553,Customer_04553,Female,21,Ranchi,Jharkhand,Medium Value
C04554,Customer_04554,Male,18,Lucknow,Uttar Pradesh,High Value
C04555,Customer_04555,Female,64,New Delhi,Delhi,Medium Value
C04556,Customer_04556,Female,59,Cuttack,Odisha,Medium Value
C04557,Customer_04557,Male,33,Raipur,Chhattisgarh,Low Value
C04558,Customer_04558,Male,62,Surat,Gujarat,Low Value
C04559,Customer_04559,Female,64,Bhubaneswar,Odisha,Low Value
C04560,Customer_04560,Male,19,Jodhpur,Rajasthan,High Value
C04561,Customer_04561,Male,53,Mumbai,Maharashtra,High Value
C04562,Customer_04562,Female,18,Kozhikode,Kerala,Low Value
C04563,Customer_04563,Male,56,Guwahati,Assam,Medium Value
C04564,Customer_04564,Male,40,Visakhapatnam,Andhra Pradesh,Low Value
C04565,Customer_04565,Female,43,Jodhpur,Rajasthan,High Value
C04566,Customer_04566,Male,28,Pune,Maharashtra,High Value
C04567,Customer_04567,Male,59,Amritsar,Punjab,High Value
C04568,Customer_04568,Female,18,Jaipur,Rajasthan,Medium Value
C04569,Customer_04569,Female,28,Visakhapatnam,Andhra Pradesh,High Value
C04570,Customer_04570,Female,41,Guwahati,Assam,Medium Value
C04571,Customer_04571,Female,27,Delhi,Delhi,Medium Value
C04572,Customer_04572,Female,31,Hyderabad,Telangana,High Value
C04573,Customer_04573,Male,31,Amritsar,Punjab,High Value
C04574,Customer_04574,Male,24,Kanpur,Uttar Pradesh,Medium Value
C04575,Customer_04575,Male,40,Faridabad,Haryana,High Value
C04576,Customer_04576,Male,60,Vijayawada,Andhra Pradesh,High Value
C04577,Customer_04577,Female,39,Ludhiana,Punjab,Medium Value
C04578,Customer_04578,Female,53,Cuttack,Odisha,Medium Value
C04579,Customer_04579,Male,44,Patna,Bihar,Low Value
C04580,Customer_04580,Female,19,Mysuru,Karnataka,High Value
C04581,Customer_04581,Male,56,Surat,Gujarat,Low Value
C04582,Customer_04582,Male,63,Thiruvananthapuram,Kerala,Low Value
C04583,Customer_04583,Female,36,Lucknow,Uttar Pradesh,Low Value
C04584,Customer_04584,Male,24,Margao,Goa,High Value
C04585,Customer_04585,Male,29,Jaipur,Rajasthan,Medium Value
C04586,Customer_04586,Male,20,Thiruvananthapuram,Kerala,Low Value
C04587,Customer_04587,Male,64,Raipur,Chhattisgarh,Low Value
C04588,Customer_04588,Female,22,Ahmedabad,Gujarat,Low Value
C04589,Customer_04589,Female,25,Coimbatore,Tamil Nadu,Medium Value
C04590,Customer_04590,Male,31,Surat,Gujarat,Medium Value
C04591,Customer_04591,Male,53,Vijayawada,Andhra Pradesh,Low Value
C04592,Customer_04592,Female,24,Jamshedpur,Jharkhand,Low Value
C04593,Customer_04593,Female,24,Gurugram,Haryana,Medium Value
C04594,Customer_04594,Male,63,Vadodara,Gujarat,Medium Value
C04595,Customer_04595,Male,49,Amritsar,Punjab,High Value
C04596,Customer_04596,Female,25,Varanasi,Uttar Pradesh,Medium Value
C04597,Customer_04597,Female,29,Ludhiana,Punjab,Low Value
C04598,Customer_04598,Male,27,Faridabad,Haryana,Low Value
C04599,Customer_04599,Female,31,Bengaluru,Karnataka,Low Value
C04600,Customer_04600,Male,26,Guwahati,Assam,Medium Value
C04601,Customer_04601,Female,55,Margao,Goa,Low Value
C04602,Customer_04602,Female,47,Amritsar,Punjab,Medium Value
C04603,Customer_04603,Female,22,New Delhi,Delhi,Low Value
C04604,Customer_04604,Male,18,Vijayawada,Andhra Pradesh,Low Value
C04605,Customer_04605,Male,18,Visakhapatnam,Andhra Pradesh,Medium Value
C04606,Customer_04606,Male,37,Mumbai,Maharashtra,Medium Value
C04607,Customer_04607,Female,28,Mysuru,Karnataka,High Value
C04608,Customer_04608,Male,43,Vadodara,Gujarat,High Value
C04609,Customer_04609,Male,61,Panaji,Goa,Low Value
C04610,Customer_04610,Male,20,Jamshedpur,Jharkhand,High Value
C04611,Customer_04611,Female,23,Margao,Goa,High Value
C04612,Customer_04612,Male,60,Nagpur,Maharashtra,Medium Value
C04613,Customer_04613,Male,62,Margao,Goa,Low Value
C04614,Customer_04614,Male,28,Hyderabad,Telangana,Medium Value
C04615,Customer_04615,Female,25,Faridabad,Haryana,High Value
C04616,Customer_04616,Female,46,Bhubaneswar,Odisha,Low Value
C04617,Customer_04617,Female,27,Panaji,Goa,Medium Value
C04618,Customer_04618,Female,51,Faridabad,Haryana,Medium Value
C04619,Customer_04619,Female,41,Cuttack,Odisha,Low Value
C04620,Customer_04620,Male,63,Madurai,Tamil Nadu,Medium Value
C04621,Customer_04621,Female,65,Warangal,Telangana,Low Value
C04622,Customer_04622,Male,34,Jamshedpur,Jharkhand,Medium Value
C04623,Customer_04623,Male,49,Indore,Madhya Pradesh,Medium Value
C04624,Customer_04624,Female,28,Visakhapatnam,Andhra Pradesh,Medium Value
C04625,Customer_04625,Male,51,Ludhiana,Punjab,Low Value
C04626,Customer_04626,Male,41,Faridabad,Haryana,Medium Value
C04627,Customer_04627,Male,22,Delhi,Delhi,High Value
C04628,Customer_04628,Female,46,Guwahati,Assam,Medium Value
C04629,Customer_04629,Male,65,Surat,Gujarat,Medium Value
C04630,Customer_04630,Female,65,Udaipur,Rajasthan,Low Value
C04631,Customer_04631,Female,51,Vadodara,Gujarat,Low Value
C04632,Customer_04632,Female,33,Udaipur,Rajasthan,Low Value
C04633,Customer_04633,Male,42,Guwahati,Assam,Medium Value
C04634,Customer_04634,Female,54,Kochi,Kerala,Medium Value
C04635,Customer_04635,Male,25,Margao,Goa,Low Value
C04636,Customer_04636,Male,46,Jamshedpur,Jharkhand,Low Value
C04637,Customer_04637,Male,63,Jodhpur,Rajasthan,Medium Value
C04638,Customer_04638,Female,42,Bhopal,Madhya Pradesh,High Value
C04639,Customer_04639,Male,59,Madurai,Tamil Nadu,High Value
C04640,Customer_04640,Male,40,Gaya,Bihar,Medium Value
C04641,Customer_04641,Male,51,Chennai,Tamil Nadu,Medium Value
C04642,Customer_04642,Male,20,Patna,Bihar,Low Value
C04643,Customer_04643,Female,47,Hyderabad,Telangana,Medium Value
C04644,Customer_04644,Female,51,Madurai,Tamil Nadu,Medium Value
C04645,Customer_04645,Female,49,Kanpur,Uttar Pradesh,Medium Value
C04646,Customer_04646,Male,46,Vijayawada,Andhra Pradesh,Low Value
C04647,Customer_04647,Male,26,Mysuru,Karnataka,Medium Value
C04648,Customer_04648,Female,19,Mumbai,Maharashtra,Medium Value
C04649,Customer_04649,Male,56,Udaipur,Rajasthan,High Value
C04650,Customer_04650,Female,24,Raipur,Chhattisgarh,Medium Value
C04651,Customer_04651,Male,63,Indore,Madhya Pradesh,Low Value
C04652,Customer_04652,Female,22,Ludhiana,Punjab,Medium Value
C04653,Customer_04653,Male,25,Amritsar,Punjab,Medium Value
C04654,Customer_04654,Male,49,Kolkata,West Bengal,Medium Value
C04655,Customer_04655,Female,35,Gaya,Bihar,Medium Value
C04656,Customer_04656,Female,55,Udaipur,Rajasthan,High Value
C04657,Customer_04657,Male,63,Lucknow,Uttar Pradesh,Low Value
C04658,Customer_04658,Female,35,Durgapur,West Bengal,Medium Value
C04659,Customer_04659,Female,58,Gurugram,Haryana,Low Value
C04660,Customer_04660,Male,62,Mangaluru,Karnataka,Medium Value
C04661,Customer_04661,Male,33,Margao,Goa,Low Value
C04662,Customer_04662,Male,38,Ludhiana,Punjab,Medium Value
C04663,Customer_04663,Male,27,Mumbai,Maharashtra,Medium Value
C04664,Customer_04664,Female,59,Jodhpur,Rajasthan,Medium Value
C04665,Customer_04665,Male,21,Madurai,Tamil Nadu,Medium Value
C04666,Customer_04666,Male,61,Faridabad,Haryana,Medium Value
C04667,Customer_04667,Male,25,Pune,Maharashtra,Low Value
C04668,Customer_04668,Female,64,Nagpur,Maharashtra,Low Value
C04669,Customer_04669,Male,36,Thiruvananthapuram,Kerala,Medium Value
C04670,Customer_04670,Male,64,Thiruvananthapuram,Kerala,Medium Value
C04671,Customer_04671,Male,57,Gurugram,Haryana,High Value
C04672,Customer_04672,Female,57,Ranchi,Jharkhand,Low Value
C04673,Customer_04673,Male,26,Warangal,Telangana,Medium Value
C04674,Customer_04674,Female,47,Vadodara,Gujarat,Medium Value
C04675,Customer_04675,Male,34,Gaya,Bihar,Low Value
C04676,Customer_04676,Male,57,Vijayawada,Andhra Pradesh,Medium Value
C04677,Customer_04677,Female,61,Jaipur,Rajasthan,Low Value
C04678,Customer_04678,Male,32,Gurugram,Haryana,Medium Value
C04679,Customer_04679,Female,21,Jamshedpur,Jharkhand,Low Value
C04680,Customer_04680,Female,23,Jamshedpur,Jharkhand,Medium Value
C04681,Customer_04681,Female,33,Gaya,Bihar,Medium Value
C04682,Customer_04682,Female,43,Jamshedpur,Jharkhand,Low Value
C04683,Customer_04683,Male,54,Hyderabad,Telangana,Medium Value
C04684,Customer_04684,Male,40,Jamshedpur,Jharkhand,Medium Value
C04685,Customer_04685,Female,30,Visakhapatnam,Andhra Pradesh,Medium Value
C04686,Customer_04686,Female,64,Bhubaneswar,Odisha,High Value
C04687,Customer_04687,Female,34,Gaya,Bihar,Low Value
C04688,Customer_04688,Male,44,Hyderabad,Telangana,Medium Value
C04689,Customer_04689,Male,39,Vadodara,Gujarat,Low Value
C04690,Customer_04690,Female,54,Cuttack,Odisha,Medium Value
C04691,Customer_04691,Male,36,Bhubaneswar,Odisha,Medium Value
C04692,Customer_04692,Male,56,Gurugram,Haryana,Low Value
C04693,Customer_04693,Male,52,Udaipur,Rajasthan,Medium Value
C04694,Customer_04694,Female,30,Faridabad,Haryana,Low Value
C04695,Customer_04695,Male,31,Gaya,Bihar,Medium Value
C04696,Customer_04696,Female,65,Jamshedpur,Jharkhand,Medium Value
C04697,Customer_04697,Male,48,Surat,Gujarat,Medium Value
C04698,Customer_04698,Female,62,Warangal,Telangana,High Value
C04699,Customer_04699,Female,19,Madurai,Tamil Nadu,Medium Value
C04700,Customer_04700,Male,63,Ranchi,Jharkhand,Medium Value
C04701,Customer_04701,Female,56,Bengaluru,Karnataka,Low Value
C04702,Customer_04702,Male,54,Gurugram,Haryana,High Value
C04703,Customer_04703,Male,31,Chennai,Tamil Nadu,Medium Value
C04704,Customer_04704,Female,26,Margao,Goa,Medium Value
C04705,Customer_04705,Male,27,Hyderabad,Telangana,High Value
C04706,Customer_04706,Male,24,Warangal,Telangana,High Value
C04707,Customer_04707,Male,45,Guwahati,Assam,Medium Value
C04708,Customer_04708,Male,63,Guwahati,Assam,Medium Value
C04709,Customer_04709,Female,42,New Delhi,Delhi,High Value
C04710,Customer_04710,Male,63,Ranchi,Jharkhand,High Value
C04711,Customer_04711,Female,45,Bhubaneswar,Odisha,Low Value
C04712,Customer_04712,Female,19,Cuttack,Odisha,Low Value
C04713,Customer_04713,Male,34,Patna,Bihar,Medium Value
C04714,Customer_04714,Male,21,Kolkata,West Bengal,Low Value
C04715,Customer_04715,Female,30,Amritsar,Punjab,High Value
C04716,Customer_04716,Male,35,Faridabad,Haryana,Medium Value
C04717,Customer_04717,Male,20,Raipur,Chhattisgarh,Low Value
C04718,Customer_04718,Male,54,Indore,Madhya Pradesh,Medium Value
C04719,Customer_04719,Female,50,Gurugram,Haryana,Low Value
C04720,Customer_04720,Female,58,Ludhiana,Punjab,Low Value
C04721,Customer_04721,Male,41,Vadodara,Gujarat,High Value
C04722,Customer_04722,Male,25,Jamshedpur,Jharkhand,Low Value
C04723,Customer_04723,Female,52,Ahmedabad,Gujarat,Low Value
C04724,Customer_04724,Female,19,Raipur,Chhattisgarh,Medium Value
C04725,Customer_04725,Female,50,Panaji,Goa,Low Value
C04726,Customer_04726,Female,29,Delhi,Delhi,High Value
C04727,Customer_04727,Male,39,Vadodara,Gujarat,Low Value
C04728,Customer_04728,Female,30,Visakhapatnam,Andhra Pradesh,Medium Value
C04729,Customer_04729,Male,27,Ludhiana,Punjab,High Value
C04730,Customer_04730,Male,34,Udaipur,Rajasthan,Medium Value
C04731,Customer_04731,Female,60,Jamshedpur,Jharkhand,Medium Value
C04732,Customer_04732,Male,22,Kolkata,West Bengal,Low Value
C04733,Customer_04733,Other,26,Indore,Madhya Pradesh,Medium Value
C04734,Customer_04734,Male,30,Guwahati,Assam,Medium Value
C04735,Customer_04735,Female,40,Nashik,Maharashtra,High Value
C04736,Customer_04736,Female,47,Vadodara,Gujarat,Medium Value
C04737,Customer_04737,Male,60,New Delhi,Delhi,Low Value
C04738,Customer_04738,Female,21,Gaya,Bihar,Medium Value
C04739,Customer_04739,Male,38,Warangal,Telangana,Medium Value
C04740,Customer_04740,Female,60,Cuttack,Odisha,Medium Value
C04741,Customer_04741,Male,26,Chennai,Tamil Nadu,Medium Value
C04742,Customer_04742,Female,24,Visakhapatnam,Andhra Pradesh,Medium Value
C04743,Customer_04743,Male,33,Gurugram,Haryana,Low Value
C04744,Customer_04744,Male,40,Gurugram,Haryana,Low Value
C04745,Customer_04745,Male,40,Delhi,Delhi,Medium Value
C04746,Customer_04746,Male,48,Jaipur,Rajasthan,Medium Value
C04747,Customer_04747,Female,22,Visakhapatnam,Andhra Pradesh,Medium Value
C04748,Customer_04748,Female,23,Vijayawada,Andhra Pradesh,Low Value
C04749,Customer_04749,Female,18,Delhi,Delhi,Medium Value
C04750,Customer_04750,Male,65,Patna,Bihar,Low Value
C04751,Customer_04751,Male,45,Gaya,Bihar,Medium Value
C04752,Customer_04752,Male,35,Mysuru,Karnataka,Medium Value
C04753,Customer_04753,Female,41,Vadodara,Gujarat,Low Value
C04754,Customer_04754,Other,30,Jodhpur,Rajasthan,Medium Value
C04755,Customer_04755,Male,50,Gurugram,Haryana,Low Value
C04756,Customer_04756,Male,27,Indore,Madhya Pradesh,High Value
C04757,Customer_04757,Male,24,Varanasi,Uttar Pradesh,Medium Value
C04758,Customer_04758,Female,54,Durgapur,West Bengal,Medium Value
C04759,Customer_04759,Female,49,Patna,Bihar,Low Value
C04760,Customer_04760,Female,62,Mangaluru,Karnataka,Low Value
C04761,Customer_04761,Male,39,Udaipur,Rajasthan,High Value
C04762,Customer_04762,Female,33,Kolkata,West Bengal,Medium Value
C04763,Customer_04763,Female,41,Ludhiana,Punjab,Medium Value
C04764,Customer_04764,Male,31,Raipur,Chhattisgarh,Medium Value
C04765,Customer_04765,Female,28,Kolkata,West Bengal,Medium Value
C04766,Customer_04766,Male,36,Kozhikode,Kerala,Medium Value
C04767,Customer_04767,Male,40,Vijayawada,Andhra Pradesh,Medium Value
C04768,Customer_04768,Female,51,Vadodara,Gujarat,Medium Value
C04769,Customer_04769,Male,57,Kozhikode,Kerala,High Value
C04770,Customer_04770,Female,30,Hyderabad,Telangana,Medium Value
C04771,Customer_04771,Female,56,Guwahati,Assam,High Value
C04772,Customer_04772,Male,61,Guwahati,Assam,Medium Value
C04773,Customer_04773,Female,45,Coimbatore,Tamil Nadu,Low Value
C04774,Customer_04774,Female,57,Kolkata,West Bengal,High Value
C04775,Customer_04775,Male,33,Mangaluru,Karnataka,High Value
C04776,Customer_04776,Male,45,Indore,Madhya Pradesh,High Value
C04777,Customer_04777,Male,21,Patna,Bihar,Low Value
C04778,Customer_04778,Male,45,Chennai,Tamil Nadu,High Value
C04779,Customer_04779,Male,29,Hyderabad,Telangana,Low Value
C04780,Customer_04780,Male,33,Cuttack,Odisha,Medium Value
C04781,Customer_04781,Male,53,Amritsar,Punjab,Medium Value
C04782,Customer_04782,Female,37,New Delhi,Delhi,High Value
C04783,Customer_04783,Male,43,Hyderabad,Telangana,Medium Value
C04784,Customer_04784,Female,43,Thiruvananthapuram,Kerala,Medium Value
C04785,Customer_04785,Female,39,Guwahati,Assam,Medium Value
C04786,Customer_04786,Female,26,Faridabad,Haryana,Medium Value
C04787,Customer_04787,Male,22,Jaipur,Rajasthan,Medium Value
C04788,Customer_04788,Female,34,Lucknow,Uttar Pradesh,Medium Value
C04789,Customer_04789,Female,51,Coimbatore,Tamil Nadu,Medium Value
C04790,Customer_04790,Female,19,Kochi,Kerala,Medium Value
C04791,Customer_04791,Male,24,Margao,Goa,Low Value
C04792,Customer_04792,Male,53,Hyderabad,Telangana,Medium Value
C04793,Customer_04793,Female,30,Vijayawada,Andhra Pradesh,Medium Value
C04794,Customer_04794,Male,37,Surat,Gujarat,Medium Value
C04795,Customer_04795,Male,47,Kochi,Kerala,High Value
C04796,Customer_04796,Male,47,Bhopal,Madhya Pradesh,Medium Value
C04797,Customer_04797,Female,28,Indore,Madhya Pradesh,Medium Value
C04798,Customer_04798,Female,48,Ranchi,Jharkhand,High Value
C04799,Customer_04799,Male,20,New Delhi,Delhi,Low Value
C04800,Customer_04800,Female,19,New Delhi,Delhi,Medium Value
C04801,Customer_04801,Female,65,Jamshedpur,Jharkhand,Medium Value
C04802,Customer_04802,Female,20,Noida,Uttar Pradesh,Low Value
C04803,Customer_04803,Female,32,Raipur,Chhattisgarh,High Value
C04804,Customer_04804,Female,34,Chennai,Tamil Nadu,Low Value
C04805,Customer_04805,Female,65,Hyderabad,Telangana,Medium Value
C04806,Customer_04806,Male,24,Vadodara,Gujarat,Medium Value
C04807,Customer_04807,Female,65,Pune,Maharashtra,Low Value
C04808,Customer_04808,Male,22,Panaji,Goa,Low Value
C04809,Customer_04809,Male,51,Vijayawada,Andhra Pradesh,Medium Value
C04810,Customer_04810,Male,50,Bhopal,Madhya Pradesh,Medium Value
C04811,Customer_04811,Female,62,Gaya,Bihar,Medium Value
C04812,Customer_04812,Female,33,Kochi,Kerala,Medium Value
C04813,Customer_04813,Male,54,Ahmedabad,Gujarat,Low Value
C04814,Customer_04814,Male,20,Lucknow,Uttar Pradesh,High Value
C04815,Customer_04815,Female,64,Ludhiana,Punjab,Medium Value
C04816,Customer_04816,Male,65,Cuttack,Odisha,Medium Value
C04817,Customer_04817,Female,60,Mumbai,Maharashtra,Low Value
C04818,Customer_04818,Male,38,Guwahati,Assam,Medium Value
C04819,Customer_04819,Male,58,Ranchi,Jharkhand,Low Value
C04820,Customer_04820,Other,25,Lucknow,Uttar Pradesh,High Value
C04821,Customer_04821,Male,39,Noida,Uttar Pradesh,High Value
C04822,Customer_04822,Male,22,Kochi,Kerala,Medium Value
C04823,Customer_04823,Male,34,Raipur,Chhattisgarh,Medium Value
C04824,Customer_04824,Female,54,Gurugram,Haryana,Medium Value
C04825,Customer_04825,Female,31,Coimbatore,Tamil Nadu,Low Value
C04826,Customer_04826,Male,56,Faridabad,Haryana,Medium Value
C04827,Customer_04827,Male,58,Margao,Goa,Medium Value
C04828,Customer_04828,Female,45,Mangaluru,Karnataka,High Value
C04829,Customer_04829,Male,48,Patna,Bihar,Medium Value
C04830,Customer_04830,Female,34,Visakhapatnam,Andhra Pradesh,High Value
C04831,Customer_04831,Male,52,Gurugram,Haryana,Low Value
C04832,Customer_04832,Male,57,Kochi,Kerala,Medium Value
C04833,Customer_04833,Female,39,Cuttack,Odisha,Medium Value
C04834,Customer_04834,Male,62,Kochi,Kerala,Medium Value
C04835,Customer_04835,Female,65,Cuttack,Odisha,Medium Value
C04836,Customer_04836,Male,46,Noida,Uttar Pradesh,Low Value
C04837,Customer_04837,Male,27,Cuttack,Odisha,Medium Value
C04838,Customer_04838,Other,35,Ahmedabad,Gujarat,High Value
C04839,Customer_04839,Male,52,Margao,Goa,Low Value
C04840,Customer_04840,Female,61,Visakhapatnam,Andhra Pradesh,High Value
C04841,Customer_04841,Male,33,Mangaluru,Karnataka,Low Value
C04842,Customer_04842,Female,24,Kochi,Kerala,Medium Value
C04843,Customer_04843,Female,47,Vadodara,Gujarat,Medium Value
C04844,Customer_04844,Male,36,Bhopal,Madhya Pradesh,Low Value
C04845,Customer_04845,Female,40,Indore,Madhya Pradesh,High Value
C04846,Customer_04846,Female,25,Gaya,Bihar,Low Value
C04847,Customer_04847,Male,34,Kolkata,West Bengal,Medium Value
C04848,Customer_04848,Female,38,Jamshedpur,Jharkhand,Medium Value
C04849,Customer_04849,Female,43,Bengaluru,Karnataka,Medium Value
C04850,Customer_04850,Male,45,Ludhiana,Punjab,High Value
C04851,Customer_04851,Male,56,Thiruvananthapuram,Kerala,Medium Value
C04852,Customer_04852,Male,50,Guwahati,Assam,Low Value
C04853,Customer_04853,Male,57,Indore,Madhya Pradesh,Low Value
C04854,Customer_04854,Female,36,Visakhapatnam,Andhra Pradesh,Medium Value
C04855,Customer_04855,Male,46,Jamshedpur,Jharkhand,Low Value
C04856,Customer_04856,Female,37,Raipur,Chhattisgarh,Low Value
C04857,Customer_04857,Male,37,Guwahati,Assam,High Value
C04858,Customer_04858,Male,27,Vadodara,Gujarat,Medium Value
C04859,Customer_04859,Female,29,Vijayawada,Andhra Pradesh,Medium Value
C04860,Customer_04860,Female,50,Hyderabad,Telangana,Low Value
C04861,Customer_04861,Female,42,Amritsar,Punjab,Low Value
C04862,Customer_04862,Male,42,Bhopal,Madhya Pradesh,Low Value
C04863,Customer_04863,Male,21,Faridabad,Haryana,Low Value
C04864,Customer_04864,Male,21,Faridabad,Haryana,Medium Value
C04865,Customer_04865,Other,26,Visakhapatnam,Andhra Pradesh,High Value
C04866,Customer_04866,Male,32,Kochi,Kerala,Medium Value
C04867,Customer_04867,Female,43,Amritsar,Punjab,Medium Value
C04868,Customer_04868,Female,32,Patna,Bihar,Medium Value
C04869,Customer_04869,Male,43,New Delhi,Delhi,Low Value
C04870,Customer_04870,Female,45,Kolkata,West Bengal,Medium Value
C04871,Customer_04871,Female,24,Mysuru,Karnataka,Medium Value
C04872,Customer_04872,Female,49,Gurugram,Haryana,Low Value
C04873,Customer_04873,Male,29,Jodhpur,Rajasthan,Medium Value
C04874,Customer_04874,Male,52,Durgapur,West Bengal,Medium Value
C04875,Customer_04875,Male,49,Gurugram,Haryana,Medium Value
C04876,Customer_04876,Male,26,Cuttack,Odisha,Medium Value
C04877,Customer_04877,Female,31,Jaipur,Rajasthan,Low Value
C04878,Customer_04878,Female,30,Ludhiana,Punjab,Medium Value
C04879,Customer_04879,Male,61,Gaya,Bihar,Low Value
C04880,Customer_04880,Female,50,Bhopal,Madhya Pradesh,Medium Value
C04881,Customer_04881,Female,49,Jamshedpur,Jharkhand,High Value
C04882,Customer_04882,Male,36,Jamshedpur,Jharkhand,High Value
C04883,Customer_04883,Male,47,Delhi,Delhi,Medium Value
C04884,Customer_04884,Female,33,Jaipur,Rajasthan,High Value
C04885,Customer_04885,Female,29,Madurai,Tamil Nadu,Medium Value
C04886,Customer_04886,Female,27,Visakhapatnam,Andhra Pradesh,Medium Value
C04887,Customer_04887,Male,19,New Delhi,Delhi,Medium Value
C04888,Customer_04888,Male,35,Gurugram,Haryana,Medium Value
C04889,Customer_04889,Male,30,Amritsar,Punjab,High Value
C04890,Customer_04890,Female,46,Madurai,Tamil Nadu,Medium Value
C04891,Customer_04891,Female,41,Vijayawada,Andhra Pradesh,Medium Value
C04892,Customer_04892,Male,55,Cuttack,Odisha,Low Value
C04893,Customer_04893,Female,29,Thiruvananthapuram,Kerala,Low Value
C04894,Customer_04894,Female,46,Durgapur,West Bengal,Low Value
C04895,Customer_04895,Female,39,Gaya,Bihar,Low Value
C04896,Customer_04896,Female,53,Margao,Goa,High Value
C04897,Customer_04897,Male,18,Chennai,Tamil Nadu,High Value
C04898,Customer_04898,Female,60,Vadodara,Gujarat,Low Value
C04899,Customer_04899,Male,57,Gurugram,Haryana,Medium Value
C04900,Customer_04900,Male,51,New Delhi,Delhi,Medium Value
C04901,Customer_04901,Female,51,Gurugram,Haryana,Low Value
C04902,Customer_04902,Female,65,Cuttack,Odisha,Medium Value
C04903,Customer_04903,Female,50,Panaji,Goa,High Value
C04904,Customer_04904,Female,21,Raipur,Chhattisgarh,Medium Value
C04905,Customer_04905,Female,55,Patna,Bihar,High Value
C04906,Customer_04906,Female,47,Kochi,Kerala,Low Value
C04907,Customer_04907,Male,63,Coimbatore,Tamil Nadu,Medium Value
C04908,Customer_04908,Female,37,Margao,Goa,Low Value
C04909,Customer_04909,Male,43,Panaji,Goa,Low Value
C04910,Customer_04910,Male,32,Hyderabad,Telangana,High Value
C04911,Customer_04911,Male,24,New Delhi,Delhi,High Value
C04912,Customer_04912,Female,24,Mangaluru,Karnataka,Medium Value
C04913,Customer_04913,Female,46,Visakhapatnam,Andhra Pradesh,Low Value
C04914,Customer_04914,Female,40,Guwahati,Assam,Medium Value
C04915,Customer_04915,Female,51,Coimbatore,Tamil Nadu,Low Value
C04916,Customer_04916,Male,37,New Delhi,Delhi,Medium Value
C04917,Customer_04917,Female,32,Gaya,Bihar,Medium Value
C04918,Customer_04918,Female,50,Raipur,Chhattisgarh,Low Value
C04919,Customer_04919,Female,34,Mangaluru,Karnataka,High Value
C04920,Customer_04920,Female,37,Gaya,Bihar,Low Value
C04921,Customer_04921,Female,30,Bhopal,Madhya Pradesh,High Value
C04922,Customer_04922,Female,61,Delhi,Delhi,Low Value
C04923,Customer_04923,Female,41,Margao,Goa,Low Value
C04924,Customer_04924,Male,64,Panaji,Goa,Low Value
C04925,Customer_04925,Female,54,Gurugram,Haryana,High Value
C04926,Customer_04926,Male,24,New Delhi,Delhi,High Value
C04927,Customer_04927,Male,25,Varanasi,Uttar Pradesh,Medium Value
C04928,Customer_04928,Female,40,Kolkata,West Bengal,Medium Value
C04929,Customer_04929,Male,31,Raipur,Chhattisgarh,Medium Value
C04930,Customer_04930,Female,21,Raipur,Chhattisgarh,Medium Value
C04931,Customer_04931,Male,38,Hyderabad,Telangana,High Value
C04932,Customer_04932,Male,63,Hyderabad,Telangana,Low Value
C04933,Customer_04933,Female,27,Panaji,Goa,Low Value
C04934,Customer_04934,Male,39,Faridabad,Haryana,Low Value
C04935,Customer_04935,Female,47,Faridabad,Haryana,Medium Value
C04936,Customer_04936,Male,47,Panaji,Goa,Medium Value
C04937,Customer_04937,Male,33,Lucknow,Uttar Pradesh,High Value
C04938,Customer_04938,Male,28,New Delhi,Delhi,High Value
C04939,Customer_04939,Male,39,Guwahati,Assam,Medium Value
C04940,Customer_04940,Female,46,Guwahati,Assam,Low Value
C04941,Customer_04941,Male,42,Coimbatore,Tamil Nadu,High Value
C04942,Customer_04942,Female,31,Margao,Goa,Medium Value
C04943,Customer_04943,Female,31,Bhopal,Madhya Pradesh,High Value
C04944,Customer_04944,Female,19,Madurai,Tamil Nadu,Medium Value
C04945,Customer_04945,Female,30,Delhi,Delhi,High Value
C04946,Customer_04946,Male,20,Amritsar,Punjab,Medium Value
C04947,Customer_04947,Male,47,Mangaluru,Karnataka,Medium Value
C04948,Customer_04948,Female,35,Patna,Bihar,High Value
C04949,Customer_04949,Female,53,Kozhikode,Kerala,High Value
C04950,Customer_04950,Female,38,Noida,Uttar Pradesh,Medium Value
C04951,Customer_04951,Female,36,Thiruvananthapuram,Kerala,Medium Value
C04952,Customer_04952,Male,33,Kolkata,West Bengal,High Value
C04953,Customer_04953,Male,45,New Delhi,Delhi,Low Value
C04954,Customer_04954,Female,21,Raipur,Chhattisgarh,Medium Value
C04955,Customer_04955,Female,32,Kochi,Kerala,Medium Value
C04956,Customer_04956,Male,18,Surat,Gujarat,Low Value
C04957,Customer_04957,Female,65,Raipur,Chhattisgarh,Medium Value
C04958,Customer_04958,Male,64,Bengaluru,Karnataka,Low Value
C04959,Customer_04959,Male,33,Margao,Goa,Low Value
C04960,Customer_04960,Female,37,Thiruvananthapuram,Kerala,High Value
C04961,Customer_04961,Female,50,Mysuru,Karnataka,Low Value
C04962,Customer_04962,Female,34,Bengaluru,Karnataka,High Value
C04963,Customer_04963,Male,22,Jamshedpur,Jharkhand,Medium Value
C04964,Customer_04964,Male,22,Visakhapatnam,Andhra Pradesh,Low Value
C04965,Customer_04965,Female,56,Visakhapatnam,Andhra Pradesh,Low Value
C04966,Customer_04966,Male,30,Bhubaneswar,Odisha,Low Value
C04967,Customer_04967,Female,61,Durgapur,West Bengal,High Value
C04968,Customer_04968,Female,53,Bhopal,Madhya Pradesh,Medium Value
C04969,Customer_04969,Female,47,Nagpur,Maharashtra,Medium Value
C04970,Customer_04970,Male,21,Bhopal,Madhya Pradesh,Medium Value
C04971,Customer_04971,Female,40,Delhi,Delhi,Low Value
C04972,Customer_04972,Male,38,Durgapur,West Bengal,Medium Value
C04973,Customer_04973,Male,38,Gurugram,Haryana,Medium Value
C04974,Customer_04974,Male,23,Guwahati,Assam,High Value
C04975,Customer_04975,Male,41,Amritsar,Punjab,Medium Value
C04976,Customer_04976,Female,64,Jamshedpur,Jharkhand,Low Value
C04977,Customer_04977,Male,48,Nagpur,Maharashtra,Medium Value
C04978,Customer_04978,Male,36,Bhopal,Madhya Pradesh,Low Value
C04979,Customer_04979,Female,55,Mumbai,Maharashtra,High Value
C04980,Customer_04980,Male,29,Faridabad,Haryana,Medium Value
C04981,Customer_04981,Female,31,Thiruvananthapuram,Kerala,Low Value
C04982,Customer_04982,Male,29,Durgapur,West Bengal,High Value
C04983,Customer_04983,Male,32,Mysuru,Karnataka,Medium Value
C04984,Customer_04984,Female,36,Thiruvananthapuram,Kerala,Low Value
C04985,Customer_04985,Male,45,New Delhi,Delhi,Medium Value
C04986,Customer_04986,Female,57,Amritsar,Punjab,Medium Value
C04987,Customer_04987,Male,58,Raipur,Chhattisgarh,Low Value
C04988,Customer_04988,Male,22,Bhopal,Madhya Pradesh,Low Value
C04989,Customer_04989,Male,22,Udaipur,Rajasthan,High Value
C04990,Customer_04990,Male,23,Guwahati,Assam,Low Value
C04991,Customer_04991,Male,40,Indore,Madhya Pradesh,High Value
C04992,Customer_04992,Female,20,Indore,Madhya Pradesh,High Value
C04993,Customer_04993,Male,54,Patna,Bihar,Medium Value
C04994,Customer_04994,Male,50,Vadodara,Gujarat,Low Value
C04995,Customer_04995,Male,60,Ludhiana,Punjab,Medium Value
C04996,Customer_04996,Female,38,Ahmedabad,Gujarat,Medium Value
C04997,Customer_04997,Female,37,Thiruvananthapuram,Kerala,High Value
C04998,Customer_04998,Female,18,Ranchi,Jharkhand,Low Value
C04999,Customer_04999,Female,56,Mysuru,Karnataka,Medium Value
C05000,Customer_05000,Male,64,Jamshedpur,Jharkhand,Medium Value
